From_ID,To_ID,Time,Fare
KJ1,KJ1,0,0.0
KJ2,KJ1,3,1.3
KJ3,KJ1,7,1.8
KJ4,KJ1,9,1.9
KJ5,KJ1,15,2.5
KJ6,KJ1,17,2.7
KJ7,KJ1,18,2.6
KJ8,KJ1,19,2.7
KJ9,KJ1,21,2.9
KJ10,KJ1,22,3.1
KJ11,KJ1,24,3.3
KJ12,KJ1,26,3.1
KJ13,KJ1,28,3.2
KJ14,KJ1,29,3.4
KJ15,KJ1,32,3.6
KJ16,KJ1,34,3.8
KJ17,KJ1,37,3.8
KJ18,KJ1,38,3.5
KJ19,KJ1,40,3.6
KJ20,KJ1,44,3.1
KJ21,KJ1,46,3.2
KJ22,KJ1,49,3.4
KJ23,KJ1,52,3.5
KJ24,KJ1,54,3.6
KJ25,KJ1,57,3.7
KJ26,KJ1,59,3.9
KJ27,KJ1,62,4.1
KJ28,KJ1,63,4.2
KJ29,KJ1,67,4.3
KJ30,KJ1,69,4.4
KJ31,KJ1,72,4.6
KJ32,KJ1,73,4.7
KJ33,KJ1,76,4.8
KJ34,KJ1,78,4.9
KJ35,KJ1,81,5.1
KJ36,KJ1,84,5.2
KJ37,KJ1,88,5.3
KG4,KJ1,62,5.7
KG5,KJ1,59,6.3
KG5A,KJ1,54,6.0
KG6,KJ1,52,5.8
KG7,KJ1,48,6.0
KG8,KJ1,46,5.7
KG9,KJ1,44,5.9
KG10,KJ1,42,5.6
KG12,KJ1,38,5.2
KG12A,KJ1,34,5.3
KG13,KJ1,63,4.6
KG14,KJ1,60,4.4
KG15,KJ1,55,3.7
KG16,KJ1,53,3.4
KG17,KJ1,49,3.5
KG18A,KJ1,47,3.8
KG20,KJ1,45,4.1
KG21,KJ1,43,4.4
KG22,KJ1,39,4.4
KG23,KJ1,35,4.9
KG24,KJ1,64,5.1
KG25,KJ1,61,5.4
KG26,KJ1,56,5.8
KG27,KJ1,54,6.3
KG28,KJ1,50,6.2
KG29,KJ1,48,6.5
KG30,KJ1,46,6.7
KG31,KJ1,44,6.6
KG33,KJ1,40,7.1
KG34,KJ1,36,7.2
KG35,KJ1,65,6.8
KJ1,KJ2,3,1.3
KJ2,KJ2,0,0.0
KJ3,KJ2,4,1.4
KJ4,KJ2,6,1.6
KJ5,KJ2,12,2.1
KJ6,KJ2,14,2.4
KJ7,KJ2,15,2.5
KJ8,KJ2,16,2.7
KJ9,KJ2,18,2.6
KJ10,KJ2,19,2.8
KJ11,KJ2,21,3.0
KJ12,KJ2,23,3.2
KJ13,KJ2,25,3.4
KJ14,KJ2,26,3.2
KJ15,KJ2,29,3.4
KJ16,KJ2,31,3.5
KJ17,KJ2,34,3.5
KJ18,KJ2,35,3.3
KJ19,KJ2,37,3.4
KJ20,KJ2,41,3.7
KJ21,KJ2,43,3.8
KJ22,KJ2,46,3.2
KJ23,KJ2,49,3.3
KJ24,KJ2,51,3.4
KJ25,KJ2,54,3.7
KJ26,KJ2,56,3.8
KJ27,KJ2,59,3.9
KJ28,KJ2,60,4.1
KJ29,KJ2,64,4.2
KJ30,KJ2,66,4.3
KJ31,KJ2,69,4.5
KJ32,KJ2,70,4.5
KJ33,KJ2,73,4.7
KJ34,KJ2,75,4.8
KJ35,KJ2,78,4.9
KJ36,KJ2,81,5.1
KJ37,KJ2,85,5.1
KG4,KJ2,59,5.4
KG5,KJ2,56,6.0
KG5A,KJ2,51,5.7
KG6,KJ2,49,5.6
KG7,KJ2,45,5.7
KG8,KJ2,43,5.5
KG9,KJ2,41,5.6
KG10,KJ2,39,5.3
KG12,KJ2,35,5.0
KG12A,KJ2,31,5.0
KG13,KJ2,60,4.4
KG14,KJ2,57,4.2
KG15,KJ2,52,3.5
KG16,KJ2,50,3.2
KG17,KJ2,46,3.6
KG18A,KJ2,44,3.9
KG20,KJ2,42,4.3
KG21,KJ2,40,4.6
KG22,KJ2,36,4.6
KG23,KJ2,32,5.1
KG24,KJ2,61,5.3
KG25,KJ2,58,5.6
KG26,KJ2,53,5.9
KG27,KJ2,51,6.4
KG28,KJ2,47,6.4
KG29,KJ2,45,6.7
KG30,KJ2,43,6.8
KG31,KJ2,41,6.7
KG33,KJ2,37,7.2
KG34,KJ2,33,7.3
KG35,KJ2,62,7.0
KJ1,KJ3,7,1.8
KJ2,KJ3,4,1.4
KJ3,KJ3,0,0.0
KJ4,KJ3,2,1.6
KJ5,KJ3,8,1.8
KJ6,KJ3,10,1.9
KJ7,KJ3,11,2.0
KJ8,KJ3,12,2.2
KJ9,KJ3,14,2.5
KJ10,KJ3,15,2.7
KJ11,KJ3,17,2.6
KJ12,KJ3,19,2.8
KJ13,KJ3,21,3.0
KJ14,KJ3,22,3.2
KJ15,KJ3,25,3.1
KJ16,KJ3,27,3.2
KJ17,KJ3,30,3.2
KJ18,KJ3,31,3.6
KJ19,KJ3,33,3.7
KJ20,KJ3,37,3.4
KJ21,KJ3,39,3.5
KJ22,KJ3,42,3.7
KJ23,KJ3,45,3.1
KJ24,KJ3,47,3.2
KJ25,KJ3,50,3.5
KJ26,KJ3,52,3.6
KJ27,KJ3,55,3.7
KJ28,KJ3,56,3.9
KJ29,KJ3,60,4.0
KJ30,KJ3,62,4.1
KJ31,KJ3,65,4.3
KJ32,KJ3,66,4.4
KJ33,KJ3,69,4.5
KJ34,KJ3,71,4.6
KJ35,KJ3,74,4.8
KJ36,KJ3,77,4.9
KJ37,KJ3,81,4.9
KG4,KJ3,56,5.5
KG5,KJ3,53,6.1
KG5A,KJ3,48,5.8
KG6,KJ3,46,5.7
KG7,KJ3,42,5.8
KG8,KJ3,40,5.6
KG9,KJ3,38,5.7
KG10,KJ3,36,5.4
KG12,KJ3,32,5.1
KG12A,KJ3,28,5.1
KG13,KJ3,57,4.5
KG14,KJ3,54,4.2
KG15,KJ3,49,3.6
KG16,KJ3,47,3.2
KG17,KJ3,43,3.3
KG18A,KJ3,41,3.6
KG20,KJ3,39,3.9
KG21,KJ3,37,4.2
KG22,KJ3,33,4.2
KG23,KJ3,29,4.7
KG24,KJ3,58,4.9
KG25,KJ3,55,5.2
KG26,KJ3,50,5.6
KG27,KJ3,48,6.1
KG28,KJ3,44,6.0
KG29,KJ3,42,6.3
KG30,KJ3,40,6.5
KG31,KJ3,38,6.4
KG33,KJ3,34,6.9
KG34,KJ3,30,7.0
KG35,KJ3,59,6.6
KJ1,KJ4,9,1.9
KJ2,KJ4,6,1.6
KJ3,KJ4,2,1.8
KJ4,KJ4,0,0.0
KJ5,KJ4,6,1.5
KJ6,KJ4,8,1.8
KJ7,KJ4,9,1.8
KJ8,KJ4,10,2.0
KJ9,KJ4,12,2.2
KJ10,KJ4,13,2.4
KJ11,KJ4,15,2.6
KJ12,KJ4,17,2.6
KJ13,KJ4,19,2.8
KJ14,KJ4,20,3.0
KJ15,KJ4,23,3.3
KJ16,KJ4,25,3.1
KJ17,KJ4,28,3.3
KJ18,KJ4,29,3.4
KJ19,KJ4,31,3.5
KJ20,KJ4,35,3.3
KJ21,KJ4,37,3.4
KJ22,KJ4,40,3.6
KJ23,KJ4,43,3.7
KJ24,KJ4,45,3.1
KJ25,KJ4,48,3.3
KJ26,KJ4,50,3.3
KJ27,KJ4,53,3.5
KJ28,KJ4,54,3.6
KJ29,KJ4,58,3.8
KJ30,KJ4,60,3.8
KJ31,KJ4,63,4.0
KJ32,KJ4,64,4.1
KJ33,KJ4,67,4.2
KJ34,KJ4,69,4.3
KJ35,KJ4,72,4.5
KJ36,KJ4,75,4.8
KJ37,KJ4,79,4.8
KG4,KJ4,54,5.3
KG5,KJ4,51,5.9
KG5A,KJ4,46,5.6
KG6,KJ4,44,5.5
KG7,KJ4,40,5.6
KG8,KJ4,38,5.4
KG9,KJ4,36,5.5
KG10,KJ4,34,5.2
KG12,KJ4,30,4.9
KG12A,KJ4,26,4.9
KG13,KJ4,55,4.3
KG14,KJ4,52,4.0
KG15,KJ4,47,3.4
KG16,KJ4,45,3.0
KG17,KJ4,41,3.1
KG18A,KJ4,39,3.4
KG20,KJ4,37,3.7
KG21,KJ4,35,4.0
KG22,KJ4,31,4.0
KG23,KJ4,27,4.5
KG24,KJ4,56,4.7
KG25,KJ4,53,5.0
KG26,KJ4,48,5.4
KG27,KJ4,46,5.9
KG28,KJ4,42,5.8
KG29,KJ4,40,6.1
KG30,KJ4,38,6.2
KG31,KJ4,36,6.1
KG33,KJ4,32,6.6
KG34,KJ4,28,6.8
KG35,KJ4,57,6.4
KJ1,KJ5,15,2.5
KJ2,KJ5,12,2.1
KJ3,KJ5,8,1.8
KJ4,KJ5,6,1.5
KJ5,KJ5,0,0.0
KJ6,KJ5,2,1.1
KJ7,KJ5,3,1.2
KJ8,KJ5,4,1.4
KJ9,KJ5,6,1.7
KJ10,KJ5,7,1.8
KJ11,KJ5,9,2.1
KJ12,KJ5,11,2.3
KJ13,KJ5,13,2.6
KJ14,KJ5,14,2.8
KJ15,KJ5,17,2.8
KJ16,KJ5,19,3.0
KJ17,KJ5,22,3.2
KJ18,KJ5,23,3.4
KJ19,KJ5,25,3.1
KJ20,KJ5,29,3.5
KJ21,KJ5,31,3.6
KJ22,KJ5,34,3.3
KJ23,KJ5,37,3.4
KJ24,KJ5,39,3.5
KJ25,KJ5,42,3.7
KJ26,KJ5,44,3.8
KJ27,KJ5,47,3.2
KJ28,KJ5,48,3.4
KJ29,KJ5,52,3.5
KJ30,KJ5,54,3.6
KJ31,KJ5,57,3.8
KJ32,KJ5,58,3.9
KJ33,KJ5,61,4.0
KJ34,KJ5,63,4.1
KJ35,KJ5,66,4.3
KJ36,KJ5,69,4.4
KJ37,KJ5,73,4.5
KG4,KJ5,51,5.2
KG5,KJ5,48,5.8
KG5A,KJ5,43,5.5
KG6,KJ5,41,5.3
KG7,KJ5,37,5.5
KG8,KJ5,35,5.2
KG9,KJ5,33,5.3
KG10,KJ5,31,5.1
KG12,KJ5,27,4.7
KG12A,KJ5,23,4.8
KG13,KJ5,52,4.1
KG14,KJ5,49,3.9
KG15,KJ5,44,3.2
KG16,KJ5,42,2.8
KG17,KJ5,38,2.8
KG18A,KJ5,36,3.2
KG20,KJ5,34,3.6
KG21,KJ5,32,3.9
KG22,KJ5,28,3.9
KG23,KJ5,24,4.3
KG24,KJ5,53,4.6
KG25,KJ5,50,4.8
KG26,KJ5,45,5.2
KG27,KJ5,43,5.7
KG28,KJ5,39,5.6
KG29,KJ5,37,5.9
KG30,KJ5,35,6.1
KG31,KJ5,33,6.0
KG33,KJ5,29,6.5
KG34,KJ5,25,6.6
KG35,KJ5,54,6.2
KJ1,KJ6,17,2.7
KJ2,KJ6,14,2.4
KJ3,KJ6,10,1.9
KJ4,KJ6,8,1.8
KJ5,KJ6,2,1.1
KJ6,KJ6,0,0.0
KJ7,KJ6,1,1.0
KJ8,KJ6,2,1.2
KJ9,KJ6,4,1.5
KJ10,KJ6,5,1.7
KJ11,KJ6,7,1.8
KJ12,KJ6,9,2.1
KJ13,KJ6,11,2.4
KJ14,KJ6,12,2.6
KJ15,KJ6,15,2.6
KJ16,KJ6,17,2.8
KJ17,KJ6,20,3.1
KJ18,KJ6,21,3.2
KJ19,KJ6,23,3.4
KJ20,KJ6,27,3.3
KJ21,KJ6,29,3.4
KJ22,KJ6,32,3.7
KJ23,KJ6,35,3.3
KJ24,KJ6,37,3.4
KJ25,KJ6,40,3.6
KJ26,KJ6,42,3.7
KJ27,KJ6,45,3.2
KJ28,KJ6,46,3.3
KJ29,KJ6,50,3.4
KJ30,KJ6,52,3.5
KJ31,KJ6,55,3.7
KJ32,KJ6,56,3.8
KJ33,KJ6,59,3.9
KJ34,KJ6,61,4.0
KJ35,KJ6,64,4.2
KJ36,KJ6,67,4.3
KJ37,KJ6,71,4.5
KG4,KJ6,49,5.0
KG5,KJ6,46,5.6
KG5A,KJ6,41,5.3
KG6,KJ6,39,5.1
KG7,KJ6,35,5.3
KG8,KJ6,33,5.0
KG9,KJ6,31,5.1
KG10,KJ6,29,4.8
KG12,KJ6,25,4.5
KG12A,KJ6,21,4.6
KG13,KJ6,50,3.9
KG14,KJ6,47,3.7
KG15,KJ6,42,3.0
KG16,KJ6,40,2.6
KG17,KJ6,36,2.6
KG18A,KJ6,34,2.9
KG20,KJ6,32,3.4
KG21,KJ6,30,3.6
KG22,KJ6,26,3.7
KG23,KJ6,22,4.1
KG24,KJ6,51,4.3
KG25,KJ6,48,4.6
KG26,KJ6,43,5.0
KG27,KJ6,41,5.5
KG28,KJ6,37,5.4
KG29,KJ6,35,5.7
KG30,KJ6,33,5.9
KG31,KJ6,31,5.8
KG33,KJ6,27,6.3
KG34,KJ6,23,6.4
KG35,KJ6,52,6.0
KJ1,KJ7,18,2.6
KJ2,KJ7,15,2.5
KJ3,KJ7,11,2.0
KJ4,KJ7,9,1.8
KJ5,KJ7,3,1.2
KJ6,KJ7,1,1.0
KJ7,KJ7,0,0.0
KJ8,KJ7,1,1.1
KJ9,KJ7,3,1.3
KJ10,KJ7,4,1.6
KJ11,KJ7,6,1.8
KJ12,KJ7,8,1.9
KJ13,KJ7,10,2.2
KJ14,KJ7,11,2.5
KJ15,KJ7,14,2.8
KJ16,KJ7,16,2.7
KJ17,KJ7,19,3.0
KJ18,KJ7,20,3.1
KJ19,KJ7,22,3.3
KJ20,KJ7,26,3.2
KJ21,KJ7,28,3.4
KJ22,KJ7,31,3.6
KJ23,KJ7,34,3.2
KJ24,KJ7,36,3.4
KJ25,KJ7,39,3.5
KJ26,KJ7,41,3.6
KJ27,KJ7,44,3.8
KJ28,KJ7,45,3.2
KJ29,KJ7,49,3.4
KJ30,KJ7,51,3.5
KJ31,KJ7,54,3.6
KJ32,KJ7,55,3.7
KJ33,KJ7,58,3.9
KJ34,KJ7,60,3.9
KJ35,KJ7,63,4.1
KJ36,KJ7,66,4.3
KJ37,KJ7,70,4.4
KG4,KJ7,47,4.8
KG5,KJ7,44,5.4
KG5A,KJ7,39,5.1
KG6,KJ7,37,5.0
KG7,KJ7,33,5.1
KG8,KJ7,31,4.9
KG9,KJ7,29,5.0
KG10,KJ7,27,4.7
KG12,KJ7,23,4.4
KG12A,KJ7,19,4.4
KG13,KJ7,48,3.8
KG14,KJ7,45,3.6
KG15,KJ7,40,2.8
KG16,KJ7,38,2.5
KG17,KJ7,34,2.5
KG18A,KJ7,32,2.8
KG20,KJ7,30,3.2
KG21,KJ7,28,3.5
KG22,KJ7,24,3.5
KG23,KJ7,20,4.0
KG24,KJ7,49,4.2
KG25,KJ7,46,4.5
KG26,KJ7,41,4.9
KG27,KJ7,39,5.4
KG28,KJ7,35,5.3
KG29,KJ7,33,5.6
KG30,KJ7,31,5.7
KG31,KJ7,29,5.6
KG33,KJ7,25,6.1
KG34,KJ7,21,6.3
KG35,KJ7,50,5.9
KJ1,KJ8,19,2.7
KJ2,KJ8,16,2.7
KJ3,KJ8,12,2.2
KJ4,KJ8,10,2.0
KJ5,KJ8,4,1.4
KJ6,KJ8,2,1.2
KJ7,KJ8,1,1.1
KJ8,KJ8,0,0.0
KJ9,KJ8,2,1.1
KJ10,KJ8,3,1.3
KJ11,KJ8,5,1.6
KJ12,KJ8,7,1.8
KJ13,KJ8,9,2.0
KJ14,KJ8,10,2.3
KJ15,KJ8,13,2.6
KJ16,KJ8,15,2.6
KJ17,KJ8,18,2.8
KJ18,KJ8,19,3.0
KJ19,KJ8,21,3.1
KJ20,KJ8,25,3.1
KJ21,KJ8,27,3.2
KJ22,KJ8,30,3.5
KJ23,KJ8,33,3.7
KJ24,KJ8,35,3.3
KJ25,KJ8,38,3.4
KJ26,KJ8,40,3.5
KJ27,KJ8,43,3.7
KJ28,KJ8,44,3.2
KJ29,KJ8,48,3.3
KJ30,KJ8,50,3.4
KJ31,KJ8,53,3.6
KJ32,KJ8,54,3.6
KJ33,KJ8,57,3.8
KJ34,KJ8,59,3.9
KJ35,KJ8,62,4.0
KJ36,KJ8,65,4.2
KJ37,KJ8,69,4.3
KG4,KJ8,45,4.7
KG5,KJ8,42,5.3
KG5A,KJ8,37,4.9
KG6,KJ8,35,4.8
KG7,KJ8,31,5.0
KG8,KJ8,29,4.7
KG9,KJ8,27,4.8
KG10,KJ8,25,4.5
KG12,KJ8,21,4.2
KG12A,KJ8,17,4.3
KG13,KJ8,46,3.6
KG14,KJ8,43,3.4
KG15,KJ8,38,2.6
KG16,KJ8,36,2.3
KG17,KJ8,32,2.3
KG18A,KJ8,30,2.6
KG20,KJ8,28,2.9
KG21,KJ8,26,3.3
KG22,KJ8,22,3.3
KG23,KJ8,18,3.8
KG24,KJ8,47,4.0
KG25,KJ8,44,4.3
KG26,KJ8,39,4.7
KG27,KJ8,37,5.2
KG28,KJ8,33,5.1
KG29,KJ8,31,5.4
KG30,KJ8,29,5.5
KG31,KJ8,27,5.5
KG33,KJ8,23,5.9
KG34,KJ8,19,6.1
KG35,KJ8,48,5.7
KJ1,KJ9,21,2.9
KJ2,KJ9,18,2.6
KJ3,KJ9,14,2.5
KJ4,KJ9,12,2.2
KJ5,KJ9,6,1.7
KJ6,KJ9,4,1.5
KJ7,KJ9,3,1.3
KJ8,KJ9,2,1.1
KJ9,KJ9,0,0.0
KJ10,KJ9,1,1.1
KJ11,KJ9,3,1.4
KJ12,KJ9,5,1.6
KJ13,KJ9,7,1.8
KJ14,KJ9,8,2.0
KJ15,KJ9,11,2.4
KJ16,KJ9,13,2.6
KJ17,KJ9,16,2.6
KJ18,KJ9,17,2.9
KJ19,KJ9,19,2.9
KJ20,KJ9,23,3.3
KJ21,KJ9,25,3.1
KJ22,KJ9,28,3.3
KJ23,KJ9,31,3.5
KJ24,KJ9,33,3.7
KJ25,KJ9,36,3.3
KJ26,KJ9,38,3.4
KJ27,KJ9,41,3.6
KJ28,KJ9,42,3.8
KJ29,KJ9,46,3.2
KJ30,KJ9,48,3.3
KJ31,KJ9,51,3.5
KJ32,KJ9,52,3.5
KJ33,KJ9,55,3.7
KJ34,KJ9,57,3.8
KJ35,KJ9,60,3.9
KJ36,KJ9,63,4.1
KJ37,KJ9,67,4.2
KG4,KJ9,43,4.4
KG5,KJ9,40,5.0
KG5A,KJ9,35,4.7
KG6,KJ9,33,4.6
KG7,KJ9,29,4.7
KG8,KJ9,27,4.5
KG9,KJ9,25,4.6
KG10,KJ9,23,4.3
KG12,KJ9,19,4.0
KG12A,KJ9,15,4.0
KG13,KJ9,44,3.4
KG14,KJ9,41,3.2
KG15,KJ9,36,2.4
KG16,KJ9,34,2.0
KG17,KJ9,30,2.0
KG18A,KJ9,28,2.3
KG20,KJ9,26,2.7
KG21,KJ9,24,3.1
KG22,KJ9,20,3.1
KG23,KJ9,16,3.6
KG24,KJ9,45,3.8
KG25,KJ9,42,4.1
KG26,KJ9,37,4.4
KG27,KJ9,35,4.9
KG28,KJ9,31,4.9
KG29,KJ9,29,5.2
KG30,KJ9,27,5.3
KG31,KJ9,25,5.2
KG33,KJ9,21,5.7
KG34,KJ9,17,5.8
KG35,KJ9,46,5.5
KJ1,KJ10,22,3.1
KJ2,KJ10,19,2.8
KJ3,KJ10,15,2.7
KJ4,KJ10,13,2.4
KJ5,KJ10,7,1.8
KJ6,KJ10,5,1.7
KJ7,KJ10,4,1.6
KJ8,KJ10,3,1.3
KJ9,KJ10,1,1.1
KJ10,KJ10,0,0.0
KJ11,KJ10,2,1.1
KJ12,KJ10,4,1.4
KJ13,KJ10,6,1.7
KJ14,KJ10,7,1.9
KJ15,KJ10,10,2.2
KJ16,KJ10,12,2.4
KJ17,KJ10,15,2.7
KJ18,KJ10,16,2.6
KJ19,KJ10,18,2.7
KJ20,KJ10,22,3.2
KJ21,KJ10,24,3.3
KJ22,KJ10,27,3.2
KJ23,KJ10,30,3.4
KJ24,KJ10,32,3.5
KJ25,KJ10,35,3.8
KJ26,KJ10,37,3.3
KJ27,KJ10,40,3.5
KJ28,KJ10,41,3.7
KJ29,KJ10,45,3.1
KJ30,KJ10,47,3.2
KJ31,KJ10,50,3.4
KJ32,KJ10,51,3.5
KJ33,KJ10,54,3.6
KJ34,KJ10,56,3.7
KJ35,KJ10,59,3.9
KJ36,KJ10,62,4.0
KJ37,KJ10,66,4.1
KG4,KJ10,41,4.2
KG5,KJ10,38,4.8
KG5A,KJ10,33,4.5
KG6,KJ10,31,4.4
KG7,KJ10,27,4.5
KG8,KJ10,25,4.3
KG9,KJ10,23,4.4
KG10,KJ10,21,4.1
KG12,KJ10,17,3.8
KG12A,KJ10,13,3.8
KG13,KJ10,42,3.2
KG14,KJ10,39,3.0
KG15,KJ10,34,2.2
KG16,KJ10,32,1.9
KG17,KJ10,28,1.9
KG18A,KJ10,26,2.2
KG20,KJ10,24,2.6
KG21,KJ10,22,2.9
KG22,KJ10,18,2.9
KG23,KJ10,14,3.5
KG24,KJ10,43,3.7
KG25,KJ10,40,4.0
KG26,KJ10,35,4.3
KG27,KJ10,33,4.8
KG28,KJ10,29,4.8
KG29,KJ10,27,5.1
KG30,KJ10,25,5.2
KG31,KJ10,23,5.1
KG33,KJ10,19,5.6
KG34,KJ10,15,5.7
KG35,KJ10,44,5.4
KJ1,KJ11,24,3.3
KJ2,KJ11,21,3.0
KJ3,KJ11,17,2.6
KJ4,KJ11,15,2.6
KJ5,KJ11,9,2.1
KJ6,KJ11,7,1.8
KJ7,KJ11,6,1.8
KJ8,KJ11,5,1.8
KJ9,KJ11,3,1.6
KJ10,KJ11,2,1.1
KJ11,KJ11,0,0.0
KJ12,KJ11,2,1.1
KJ13,KJ11,4,1.4
KJ14,KJ11,5,1.7
KJ15,KJ11,8,1.9
KJ16,KJ11,10,2.2
KJ17,KJ11,13,2.5
KJ18,KJ11,14,2.6
KJ19,KJ11,16,2.8
KJ20,KJ11,20,3.0
KJ21,KJ11,22,3.1
KJ22,KJ11,25,3.4
KJ23,KJ11,28,3.2
KJ24,KJ11,30,3.4
KJ25,KJ11,33,3.6
KJ26,KJ11,35,3.7
KJ27,KJ11,38,3.3
KJ28,KJ11,39,3.5
KJ29,KJ11,43,3.7
KJ30,KJ11,45,3.8
KJ31,KJ11,48,3.3
KJ32,KJ11,49,3.4
KJ33,KJ11,52,3.5
KJ34,KJ11,54,3.6
KJ35,KJ11,57,3.8
KJ36,KJ11,60,3.9
KJ37,KJ11,64,4.0
KG4,KJ11,39,4.1
KG5,KJ11,36,4.7
KG5A,KJ11,31,4.4
KG6,KJ11,29,4.2
KG7,KJ11,25,4.4
KG8,KJ11,23,4.1
KG9,KJ11,21,4.2
KG10,KJ11,19,4.0
KG12,KJ11,15,3.6
KG12A,KJ11,11,3.7
KG13,KJ11,40,3.0
KG14,KJ11,37,2.7
KG15,KJ11,32,2.0
KG16,KJ11,30,1.7
KG17,KJ11,26,1.7
KG18A,KJ11,24,2.0
KG20,KJ11,22,2.3
KG21,KJ11,20,2.6
KG22,KJ11,16,2.6
KG23,KJ11,12,3.2
KG24,KJ11,41,3.4
KG25,KJ11,38,3.7
KG26,KJ11,33,4.1
KG27,KJ11,31,4.6
KG28,KJ11,27,4.5
KG29,KJ11,25,4.8
KG30,KJ11,23,4.9
KG31,KJ11,21,4.8
KG33,KJ11,17,5.3
KG34,KJ11,13,5.5
KG35,KJ11,42,5.1
KJ1,KJ12,26,3.1
KJ2,KJ12,23,3.2
KJ3,KJ12,19,2.8
KJ4,KJ12,17,2.6
KJ5,KJ12,11,2.3
KJ6,KJ12,9,2.1
KJ7,KJ12,8,1.9
KJ8,KJ12,7,1.8
KJ9,KJ12,5,1.6
KJ10,KJ12,4,1.4
KJ11,KJ12,2,1.1
KJ12,KJ12,0,0.0
KJ13,KJ12,2,1.2
KJ14,KJ12,3,1.4
KJ15,KJ12,6,1.8
KJ16,KJ12,8,1.9
KJ17,KJ12,11,2.2
KJ18,KJ12,12,2.4
KJ19,KJ12,14,2.6
KJ20,KJ12,18,2.8
KJ21,KJ12,20,2.9
KJ22,KJ12,23,3.2
KJ23,KJ12,26,3.1
KJ24,KJ12,28,3.2
KJ25,KJ12,31,3.4
KJ26,KJ12,33,3.6
KJ27,KJ12,36,3.8
KJ28,KJ12,37,3.4
KJ29,KJ12,41,3.6
KJ30,KJ12,43,3.7
KJ31,KJ12,46,3.2
KJ32,KJ12,47,3.3
KJ33,KJ12,50,3.4
KJ34,KJ12,52,3.5
KJ35,KJ12,55,3.7
KJ36,KJ12,58,3.8
KJ37,KJ12,62,4.0
KG4,KJ12,38,3.8
KG5,KJ12,35,4.4
KG5A,KJ12,30,4.1
KG6,KJ12,28,4.0
KG7,KJ12,24,4.1
KG8,KJ12,22,3.9
KG9,KJ12,20,4.0
KG10,KJ12,18,3.7
KG12,KJ12,14,3.4
KG12A,KJ12,10,3.4
KG13,KJ12,39,2.7
KG14,KJ12,36,2.4
KG15,KJ12,31,1.8
KG16,KJ12,29,1.4
KG17,KJ12,25,1.4
KG18A,KJ12,23,1.7
KG20,KJ12,21,2.1
KG21,KJ12,19,2.4
KG22,KJ12,15,2.4
KG23,KJ12,11,2.8
KG24,KJ12,40,3.2
KG25,KJ12,37,3.5
KG26,KJ12,32,3.8
KG27,KJ12,30,4.3
KG28,KJ12,26,4.2
KG29,KJ12,24,4.5
KG30,KJ12,22,4.7
KG31,KJ12,20,4.6
KG33,KJ12,16,5.1
KG34,KJ12,12,5.2
KG35,KJ12,41,4.8
KJ1,KJ13,28,3.2
KJ2,KJ13,25,3.4
KJ3,KJ13,21,3.0
KJ4,KJ13,19,2.8
KJ5,KJ13,13,2.6
KJ6,KJ13,11,2.4
KJ7,KJ13,10,2.2
KJ8,KJ13,9,2.0
KJ9,KJ13,7,1.8
KJ10,KJ13,6,1.7
KJ11,KJ13,4,1.4
KJ12,KJ13,2,1.2
KJ13,KJ13,0,0.0
KJ14,KJ13,1,1.1
KJ15,KJ13,4,1.5
KJ16,KJ13,6,1.8
KJ17,KJ13,9,2.0
KJ18,KJ13,10,2.1
KJ19,KJ13,12,2.3
KJ20,KJ13,16,2.8
KJ21,KJ13,18,2.7
KJ22,KJ13,21,3.0
KJ23,KJ13,24,3.3
KJ24,KJ13,26,3.4
KJ25,KJ13,29,3.3
KJ26,KJ13,31,3.4
KJ27,KJ13,34,3.6
KJ28,KJ13,35,3.3
KJ29,KJ13,39,3.4
KJ30,KJ13,41,3.5
KJ31,KJ13,44,3.8
KJ32,KJ13,45,3.2
KJ33,KJ13,48,3.3
KJ34,KJ13,50,3.4
KJ35,KJ13,53,3.6
KJ36,KJ13,56,3.7
KJ37,KJ13,60,3.8
KG4,KJ13,35,3.5
KG5,KJ13,32,4.1
KG5A,KJ13,27,3.8
KG6,KJ13,25,3.6
KG7,KJ13,21,3.8
KG8,KJ13,19,3.6
KG9,KJ13,17,3.7
KG10,KJ13,15,3.4
KG12,KJ13,11,3.1
KG12A,KJ13,7,3.1
KG13,KJ13,36,2.4
KG14,KJ13,33,2.1
KG15,KJ13,28,1.4
KG16,KJ13,26,1.1
KG17,KJ13,22,1.1
KG18A,KJ13,20,1.4
KG20,KJ13,18,1.9
KG21,KJ13,16,2.0
KG22,KJ13,12,2.1
KG23,KJ13,8,2.5
KG24,KJ13,37,2.7
KG25,KJ13,34,3.1
KG26,KJ13,29,3.5
KG27,KJ13,27,4.0
KG28,KJ13,23,3.9
KG29,KJ13,21,4.2
KG30,KJ13,19,4.4
KG31,KJ13,17,4.3
KG33,KJ13,13,4.8
KG34,KJ13,9,4.9
KG35,KJ13,38,4.5
KJ1,KJ14,29,3.4
KJ2,KJ14,26,3.2
KJ3,KJ14,22,3.2
KJ4,KJ14,20,3.0
KJ5,KJ14,14,2.8
KJ6,KJ14,12,2.6
KJ7,KJ14,11,2.5
KJ8,KJ14,10,2.3
KJ9,KJ14,8,2.0
KJ10,KJ14,7,1.9
KJ11,KJ14,5,1.7
KJ12,KJ14,3,1.4
KJ13,KJ14,1,1.1
KJ14,KJ14,0,0.0
KJ15,KJ14,3,1.2
KJ16,KJ14,5,1.5
KJ17,KJ14,8,1.8
KJ18,KJ14,9,1.9
KJ19,KJ14,11,2.1
KJ20,KJ14,15,2.6
KJ21,KJ14,17,2.8
KJ22,KJ14,20,2.8
KJ23,KJ14,23,3.1
KJ24,KJ14,25,3.2
KJ25,KJ14,28,3.1
KJ26,KJ14,30,3.2
KJ27,KJ14,33,3.4
KJ28,KJ14,34,3.7
KJ29,KJ14,38,3.3
KJ30,KJ14,40,3.4
KJ31,KJ14,43,3.7
KJ32,KJ14,44,3.8
KJ33,KJ14,47,3.2
KJ34,KJ14,49,3.3
KJ35,KJ14,52,3.5
KJ36,KJ14,55,3.6
KJ37,KJ14,59,3.7
KG4,KJ14,33,3.2
KG5,KJ14,30,3.8
KG5A,KJ14,25,3.5
KG6,KJ14,23,3.4
KG7,KJ14,19,3.5
KG8,KJ14,17,3.3
KG9,KJ14,15,3.4
KG10,KJ14,13,3.1
KG12,KJ14,9,2.8
KG12A,KJ14,5,2.7
KG13,KJ14,34,2.1
KG14,KJ14,31,1.9
KG15,KJ14,26,1.2
KG16,KJ14,24,0.8
KG17,KJ14,20,1.0
KG18A,KJ14,18,1.3
KG20,KJ14,16,1.7
KG21,KJ14,14,1.8
KG22,KJ14,10,2.1
KG23,KJ14,6,2.5
KG24,KJ14,35,2.7
KG25,KJ14,32,2.8
KG26,KJ14,27,3.0
KG27,KJ14,25,3.5
KG28,KJ14,21,3.3
KG29,KJ14,19,3.5
KG30,KJ14,17,3.6
KG31,KJ14,15,3.3
KG33,KJ14,11,3.7
KG34,KJ14,7,3.8
KG35,KJ14,36,3.2
KJ1,KJ15,32,3.6
KJ2,KJ15,29,3.4
KJ3,KJ15,25,3.1
KJ4,KJ15,23,3.3
KJ5,KJ15,17,2.8
KJ6,KJ15,15,2.6
KJ7,KJ15,14,2.8
KJ8,KJ15,13,2.6
KJ9,KJ15,11,2.4
KJ10,KJ15,10,2.2
KJ11,KJ15,8,1.9
KJ12,KJ15,6,1.8
KJ13,KJ15,4,1.5
KJ14,KJ15,3,1.2
KJ15,KJ15,0,0.0
KJ16,KJ15,2,1.1
KJ17,KJ15,5,1.5
KJ18,KJ15,6,1.6
KJ19,KJ15,8,1.8
KJ20,KJ15,12,2.2
KJ21,KJ15,14,2.4
KJ22,KJ15,17,2.8
KJ23,KJ15,20,2.8
KJ24,KJ15,22,3.0
KJ25,KJ15,25,3.2
KJ26,KJ15,27,3.4
KJ27,KJ15,30,3.2
KJ28,KJ15,31,3.4
KJ29,KJ15,35,3.7
KJ30,KJ15,37,3.8
KJ31,KJ15,40,3.5
KJ32,KJ15,41,3.6
KJ33,KJ15,44,3.8
KJ34,KJ15,46,3.1
KJ35,KJ15,49,3.3
KJ36,KJ15,52,3.5
KJ37,KJ15,56,3.6
KG4,KJ15,36,3.6
KG5,KJ15,33,4.2
KG5A,KJ15,28,3.9
KG6,KJ15,26,3.7
KG7,KJ15,22,3.9
KG8,KJ15,20,3.7
KG9,KJ15,18,3.8
KG10,KJ15,16,3.5
KG12,KJ15,12,3.1
KG12A,KJ15,8,3.2
KG13,KJ15,37,2.5
KG14,KJ15,34,2.2
KG15,KJ15,29,1.5
KG16,KJ15,27,1.2
KG17,KJ15,23,1.4
KG18A,KJ15,21,1.7
KG20,KJ15,19,2.1
KG21,KJ15,17,2.2
KG22,KJ15,13,2.4
KG23,KJ15,9,2.8
KG24,KJ15,38,3.2
KG25,KJ15,35,3.1
KG26,KJ15,30,3.4
KG27,KJ15,28,3.8
KG28,KJ15,24,3.6
KG29,KJ15,22,3.9
KG30,KJ15,20,4.0
KG31,KJ15,18,3.7
KG33,KJ15,14,4.1
KG34,KJ15,10,4.2
KG35,KJ15,39,3.6
KJ1,KJ16,34,3.8
KJ2,KJ16,31,3.5
KJ3,KJ16,27,3.2
KJ4,KJ16,25,3.1
KJ5,KJ16,19,3.0
KJ6,KJ16,17,2.8
KJ7,KJ16,16,2.7
KJ8,KJ16,15,2.6
KJ9,KJ16,13,2.6
KJ10,KJ16,12,2.4
KJ11,KJ16,10,2.2
KJ12,KJ16,8,1.9
KJ13,KJ16,6,1.8
KJ14,KJ16,5,1.5
KJ15,KJ16,2,1.1
KJ16,KJ16,0,0.0
KJ17,KJ16,3,1.2
KJ18,KJ16,4,1.3
KJ19,KJ16,6,1.5
KJ20,KJ16,10,2.0
KJ21,KJ16,12,2.2
KJ22,KJ16,15,2.5
KJ23,KJ16,18,2.8
KJ24,KJ16,20,2.8
KJ25,KJ16,23,3.0
KJ26,KJ16,25,3.2
KJ27,KJ16,28,3.5
KJ28,KJ16,29,3.3
KJ29,KJ16,33,3.5
KJ30,KJ16,35,3.6
KJ31,KJ16,38,3.3
KJ32,KJ16,39,3.4
KJ33,KJ16,42,3.6
KJ34,KJ16,44,3.7
KJ35,KJ16,47,3.2
KJ36,KJ16,50,3.4
KJ37,KJ16,54,3.5
KG4,KJ16,38,3.9
KG5,KJ16,35,4.5
KG5A,KJ16,30,4.2
KG6,KJ16,28,4.0
KG7,KJ16,24,4.2
KG8,KJ16,22,3.9
KG9,KJ16,20,4.0
KG10,KJ16,18,3.7
KG12,KJ16,14,3.4
KG12A,KJ16,10,3.5
KG13,KJ16,39,2.7
KG14,KJ16,36,2.5
KG15,KJ16,31,1.8
KG16,KJ16,29,1.5
KG17,KJ16,25,1.7
KG18A,KJ16,23,2.0
KG20,KJ16,21,2.3
KG21,KJ16,19,2.5
KG22,KJ16,15,2.7
KG23,KJ16,11,3.2
KG24,KJ16,40,3.4
KG25,KJ16,37,3.4
KG26,KJ16,32,4.2
KG27,KJ16,30,4.7
KG28,KJ16,26,4.5
KG29,KJ16,24,4.8
KG30,KJ16,22,4.9
KG31,KJ16,20,4.6
KG33,KJ16,16,5.0
KG34,KJ16,12,5.2
KG35,KJ16,41,4.5
KJ1,KJ17,37,3.8
KJ2,KJ17,34,3.5
KJ3,KJ17,30,3.2
KJ4,KJ17,28,3.3
KJ5,KJ17,22,3.2
KJ6,KJ17,20,3.1
KJ7,KJ17,19,3.0
KJ8,KJ17,18,2.8
KJ9,KJ17,16,2.6
KJ10,KJ17,15,2.7
KJ11,KJ17,13,2.5
KJ12,KJ17,11,2.2
KJ13,KJ17,9,2.0
KJ14,KJ17,8,1.8
KJ15,KJ17,5,1.5
KJ16,KJ17,3,1.2
KJ17,KJ17,0,0.0
KJ18,KJ17,1,1.1
KJ19,KJ17,3,1.2
KJ20,KJ17,7,1.8
KJ21,KJ17,9,1.9
KJ22,KJ17,12,2.3
KJ23,KJ17,15,2.6
KJ24,KJ17,17,2.8
KJ25,KJ17,20,2.8
KJ26,KJ17,22,3.0
KJ27,KJ17,25,3.2
KJ28,KJ17,26,3.1
KJ29,KJ17,30,3.3
KJ30,KJ17,32,3.5
KJ31,KJ17,35,3.8
KJ32,KJ17,36,3.3
KJ33,KJ17,39,3.5
KJ34,KJ17,41,3.6
KJ35,KJ17,44,3.1
KJ36,KJ17,47,3.2
KJ37,KJ17,51,3.4
KG4,KJ17,41,4.2
KG5,KJ17,38,4.8
KG5A,KJ17,33,4.5
KG6,KJ17,31,4.3
KG7,KJ17,27,4.5
KG8,KJ17,25,4.3
KG9,KJ17,23,4.4
KG10,KJ17,21,4.1
KG12,KJ17,17,3.7
KG12A,KJ17,13,3.8
KG13,KJ17,42,3.2
KG14,KJ17,39,2.8
KG15,KJ17,34,2.1
KG16,KJ17,32,1.8
KG17,KJ17,28,2.0
KG18A,KJ17,26,2.3
KG20,KJ17,24,2.7
KG21,KJ17,22,2.8
KG22,KJ17,18,3.2
KG23,KJ17,14,3.5
KG24,KJ17,43,3.8
KG25,KJ17,40,3.7
KG26,KJ17,35,4.6
KG27,KJ17,33,5.1
KG28,KJ17,29,4.9
KG29,KJ17,27,5.2
KG30,KJ17,25,5.3
KG31,KJ17,23,5.0
KG33,KJ17,19,5.4
KG34,KJ17,15,5.6
KG35,KJ17,44,4.9
KJ1,KJ18,38,3.5
KJ2,KJ18,35,3.3
KJ3,KJ18,31,3.6
KJ4,KJ18,29,3.4
KJ5,KJ18,23,3.4
KJ6,KJ18,21,3.2
KJ7,KJ18,20,3.1
KJ8,KJ18,19,3.0
KJ9,KJ18,17,2.8
KJ10,KJ18,16,2.6
KJ11,KJ18,14,2.6
KJ12,KJ18,12,2.4
KJ13,KJ18,10,2.1
KJ14,KJ18,9,1.9
KJ15,KJ18,6,1.6
KJ16,KJ18,4,1.3
KJ17,KJ18,1,1.0
KJ18,KJ18,0,0.0
KJ19,KJ18,2,1.1
KJ20,KJ18,6,1.6
KJ21,KJ18,8,1.7
KJ22,KJ18,11,2.1
KJ23,KJ18,14,2.4
KJ24,KJ18,16,2.6
KJ25,KJ18,19,2.7
KJ26,KJ18,21,2.8
KJ27,KJ18,24,3.1
KJ28,KJ18,25,3.4
KJ29,KJ18,29,3.2
KJ30,KJ18,31,3.3
KJ31,KJ18,34,3.6
KJ32,KJ18,35,3.8
KJ33,KJ18,38,3.4
KJ34,KJ18,40,3.5
KJ35,KJ18,43,3.7
KJ36,KJ18,46,3.2
KJ37,KJ18,50,3.3
KG4,KJ18,42,4.3
KG5,KJ18,39,4.9
KG5A,KJ18,34,4.5
KG6,KJ18,32,4.4
KG7,KJ18,28,4.6
KG8,KJ18,26,4.3
KG9,KJ18,24,4.4
KG10,KJ18,22,4.1
KG12,KJ18,18,3.8
KG12A,KJ18,14,3.9
KG13,KJ18,43,3.2
KG14,KJ18,40,3.0
KG15,KJ18,35,2.2
KG16,KJ18,33,1.9
KG17,KJ18,29,2.0
KG18A,KJ18,27,2.3
KG20,KJ18,25,2.7
KG21,KJ18,23,3.0
KG22,KJ18,19,3.2
KG23,KJ18,15,3.6
KG24,KJ18,44,3.8
KG25,KJ18,41,3.8
KG26,KJ18,36,4.7
KG27,KJ18,34,5.2
KG28,KJ18,30,5.0
KG29,KJ18,28,5.2
KG30,KJ18,26,5.4
KG31,KJ18,24,5.0
KG33,KJ18,20,5.5
KG34,KJ18,16,5.6
KG35,KJ18,45,4.9
KJ1,KJ19,40,3.6
KJ2,KJ19,37,3.4
KJ3,KJ19,33,3.7
KJ4,KJ19,31,3.5
KJ5,KJ19,25,3.1
KJ6,KJ19,23,3.4
KJ7,KJ19,22,3.3
KJ8,KJ19,21,3.1
KJ9,KJ19,19,2.9
KJ10,KJ19,18,2.7
KJ11,KJ19,16,2.8
KJ12,KJ19,14,2.6
KJ13,KJ19,12,2.3
KJ14,KJ19,11,2.1
KJ15,KJ19,8,1.8
KJ16,KJ19,6,1.5
KJ17,KJ19,3,1.2
KJ18,KJ19,2,1.0
KJ19,KJ19,0,0.0
KJ20,KJ19,4,1.5
KJ21,KJ19,6,1.7
KJ22,KJ19,9,1.9
KJ23,KJ19,12,2.2
KJ24,KJ19,14,2.5
KJ25,KJ19,17,2.8
KJ26,KJ19,19,2.7
KJ27,KJ19,22,3.0
KJ28,KJ19,23,3.3
KJ29,KJ19,27,3.1
KJ30,KJ19,29,3.2
KJ31,KJ19,32,3.5
KJ32,KJ19,33,3.7
KJ33,KJ19,36,3.3
KJ34,KJ19,38,3.4
KJ35,KJ19,41,3.6
KJ36,KJ19,44,3.8
KJ37,KJ19,48,3.3
KG4,KJ19,44,4.4
KG5,KJ19,41,5.0
KG5A,KJ19,36,4.7
KG6,KJ19,34,4.6
KG7,KJ19,30,4.7
KG8,KJ19,28,4.5
KG9,KJ19,26,4.6
KG10,KJ19,24,4.3
KG12,KJ19,20,4.0
KG12A,KJ19,16,4.0
KG13,KJ19,45,3.4
KG14,KJ19,42,3.2
KG15,KJ19,37,2.4
KG16,KJ19,35,2.1
KG17,KJ19,31,2.2
KG18A,KJ19,29,2.5
KG20,KJ19,27,2.9
KG21,KJ19,25,3.2
KG22,KJ19,21,3.4
KG23,KJ19,17,3.8
KG24,KJ19,46,4.0
KG25,KJ19,43,4.0
KG26,KJ19,38,4.9
KG27,KJ19,36,5.4
KG28,KJ19,32,5.2
KG29,KJ19,30,5.5
KG30,KJ19,28,5.6
KG31,KJ19,26,5.2
KG33,KJ19,22,5.7
KG34,KJ19,18,5.8
KG35,KJ19,47,5.1
KJ1,KJ20,44,3.1
KJ2,KJ20,41,3.7
KJ3,KJ20,37,3.4
KJ4,KJ20,35,3.3
KJ5,KJ20,29,3.5
KJ6,KJ20,27,3.3
KJ7,KJ20,26,3.2
KJ8,KJ20,25,3.1
KJ9,KJ20,23,3.3
KJ10,KJ20,22,3.2
KJ11,KJ20,20,3.0
KJ12,KJ20,18,2.8
KJ13,KJ20,16,2.8
KJ14,KJ20,15,2.6
KJ15,KJ20,12,2.2
KJ16,KJ20,10,2.0
KJ17,KJ20,7,1.8
KJ18,KJ20,6,1.6
KJ19,KJ20,4,1.5
KJ20,KJ20,0,0.0
KJ21,KJ20,2,1.1
KJ22,KJ20,5,1.5
KJ23,KJ20,8,1.8
KJ24,KJ20,10,1.9
KJ25,KJ20,13,2.2
KJ26,KJ20,15,2.4
KJ27,KJ20,18,2.8
KJ28,KJ20,19,2.8
KJ29,KJ20,23,3.1
KJ30,KJ20,25,3.2
KJ31,KJ20,28,3.2
KJ32,KJ20,29,3.3
KJ33,KJ20,32,3.5
KJ34,KJ20,34,3.7
KJ35,KJ20,37,3.4
KJ36,KJ20,40,3.5
KJ37,KJ20,44,3.7
KG4,KJ20,48,5.0
KG5,KJ20,45,5.6
KG5A,KJ20,40,5.2
KG6,KJ20,38,5.1
KG7,KJ20,34,5.3
KG8,KJ20,32,5.0
KG9,KJ20,30,5.1
KG10,KJ20,28,4.8
KG12,KJ20,24,4.5
KG12A,KJ20,20,4.6
KG13,KJ20,49,3.9
KG14,KJ20,46,3.7
KG15,KJ20,41,3.0
KG16,KJ20,39,2.6
KG17,KJ20,35,2.8
KG18A,KJ20,33,3.1
KG20,KJ20,31,3.5
KG21,KJ20,29,3.7
KG22,KJ20,25,3.9
KG23,KJ20,21,4.3
KG24,KJ20,50,4.5
KG25,KJ20,47,4.5
KG26,KJ20,42,5.5
KG27,KJ20,40,6.0
KG28,KJ20,36,5.8
KG29,KJ20,34,6.1
KG30,KJ20,32,6.2
KG31,KJ20,30,5.9
KG33,KJ20,26,6.3
KG34,KJ20,22,6.5
KG35,KJ20,51,5.8
KJ1,KJ21,46,3.2
KJ2,KJ21,43,3.8
KJ3,KJ21,39,3.5
KJ4,KJ21,37,3.4
KJ5,KJ21,31,3.6
KJ6,KJ21,29,3.4
KJ7,KJ21,28,3.4
KJ8,KJ21,27,3.2
KJ9,KJ21,25,3.1
KJ10,KJ21,24,3.3
KJ11,KJ21,22,3.1
KJ12,KJ21,20,2.9
KJ13,KJ21,18,2.7
KJ14,KJ21,17,2.8
KJ15,KJ21,14,2.4
KJ16,KJ21,12,2.2
KJ17,KJ21,9,1.9
KJ18,KJ21,8,1.7
KJ19,KJ21,6,1.7
KJ20,KJ21,2,1.1
KJ21,KJ21,0,0.0
KJ22,KJ21,3,1.3
KJ23,KJ21,6,1.6
KJ24,KJ21,8,1.7
KJ25,KJ21,11,2.1
KJ26,KJ21,13,2.3
KJ27,KJ21,16,2.6
KJ28,KJ21,17,2.7
KJ29,KJ21,21,2.9
KJ30,KJ21,23,3.1
KJ31,KJ21,26,3.5
KJ32,KJ21,27,3.2
KJ33,KJ21,30,3.4
KJ34,KJ21,32,3.5
KJ35,KJ21,35,3.3
KJ36,KJ21,38,3.4
KJ37,KJ21,42,3.6
KG4,KJ21,50,5.1
KG5,KJ21,47,5.7
KG5A,KJ21,42,5.4
KG6,KJ21,40,5.3
KG7,KJ21,36,5.4
KG8,KJ21,34,5.2
KG9,KJ21,32,5.3
KG10,KJ21,30,5.0
KG12,KJ21,26,4.7
KG12A,KJ21,22,4.7
KG13,KJ21,51,4.1
KG14,KJ21,48,3.9
KG15,KJ21,43,3.2
KG16,KJ21,41,2.8
KG17,KJ21,37,3.0
KG18A,KJ21,35,3.3
KG20,KJ21,33,3.7
KG21,KJ21,31,3.9
KG22,KJ21,27,4.1
KG23,KJ21,23,4.5
KG24,KJ21,52,4.7
KG25,KJ21,49,4.7
KG26,KJ21,44,5.0
KG27,KJ21,42,5.4
KG28,KJ21,38,5.2
KG29,KJ21,36,5.4
KG30,KJ21,34,5.5
KG31,KJ21,32,5.2
KG33,KJ21,28,5.6
KG34,KJ21,24,5.7
KG35,KJ21,53,5.1
KJ1,KJ22,49,3.4
KJ2,KJ22,46,3.2
KJ3,KJ22,42,3.7
KJ4,KJ22,40,3.6
KJ5,KJ22,34,3.3
KJ6,KJ22,32,3.7
KJ7,KJ22,31,3.6
KJ8,KJ22,30,3.5
KJ9,KJ22,28,3.3
KJ10,KJ22,27,3.2
KJ11,KJ22,25,3.4
KJ12,KJ22,23,3.2
KJ13,KJ22,21,3.0
KJ14,KJ22,20,2.8
KJ15,KJ22,17,2.8
KJ16,KJ22,15,2.5
KJ17,KJ22,12,2.3
KJ18,KJ22,11,2.1
KJ19,KJ22,9,1.9
KJ20,KJ22,5,1.5
KJ21,KJ22,3,1.3
KJ22,KJ22,0,0.0
KJ23,KJ22,3,1.2
KJ24,KJ22,5,1.4
KJ25,KJ22,8,1.8
KJ26,KJ22,10,1.9
KJ27,KJ22,13,2.2
KJ28,KJ22,14,2.6
KJ29,KJ22,18,2.6
KJ30,KJ22,20,2.8
KJ31,KJ22,23,3.2
KJ32,KJ22,24,3.3
KJ33,KJ22,27,3.1
KJ34,KJ22,29,3.3
KJ35,KJ22,32,3.6
KJ36,KJ22,35,3.2
KJ37,KJ22,39,3.4
KG4,KJ22,53,5.1
KG5,KJ22,50,5.7
KG5A,KJ22,45,5.4
KG6,KJ22,43,5.2
KG7,KJ22,39,5.4
KG8,KJ22,37,5.1
KG9,KJ22,35,5.3
KG10,KJ22,33,5.0
KG12,KJ22,29,4.6
KG12A,KJ22,25,4.7
KG13,KJ22,54,4.1
KG14,KJ22,51,3.8
KG15,KJ22,46,3.1
KG16,KJ22,44,2.8
KG17,KJ22,40,3.0
KG18A,KJ22,38,3.3
KG20,KJ22,36,3.7
KG21,KJ22,34,3.8
KG22,KJ22,30,4.0
KG23,KJ22,26,4.4
KG24,KJ22,55,4.6
KG25,KJ22,52,4.6
KG26,KJ22,47,4.9
KG27,KJ22,45,5.3
KG28,KJ22,41,5.1
KG29,KJ22,39,5.4
KG30,KJ22,37,5.5
KG31,KJ22,35,5.2
KG33,KJ22,31,5.6
KG34,KJ22,27,5.7
KG35,KJ22,56,5.1
KJ1,KJ23,52,3.5
KJ2,KJ23,49,3.3
KJ3,KJ23,45,3.1
KJ4,KJ23,43,3.7
KJ5,KJ23,37,3.4
KJ6,KJ23,35,3.3
KJ7,KJ23,34,3.2
KJ8,KJ23,33,3.7
KJ9,KJ23,31,3.5
KJ10,KJ23,30,3.4
KJ11,KJ23,28,3.2
KJ12,KJ23,26,3.1
KJ13,KJ23,24,3.3
KJ14,KJ23,23,3.1
KJ15,KJ23,20,2.8
KJ16,KJ23,18,2.8
KJ17,KJ23,15,2.6
KJ18,KJ23,14,2.4
KJ19,KJ23,12,2.2
KJ20,KJ23,8,1.8
KJ21,KJ23,6,1.6
KJ22,KJ23,3,1.2
KJ23,KJ23,0,0.0
KJ24,KJ23,2,1.1
KJ25,KJ23,5,1.5
KJ26,KJ23,7,1.7
KJ27,KJ23,10,1.9
KJ28,KJ23,11,2.3
KJ29,KJ23,15,2.6
KJ30,KJ23,17,2.8
KJ31,KJ23,20,2.9
KJ32,KJ23,21,3.1
KJ33,KJ23,24,3.3
KJ34,KJ23,26,3.1
KJ35,KJ23,29,3.4
KJ36,KJ23,32,3.6
KJ37,KJ23,36,3.3
KG4,KJ23,56,5.3
KG5,KJ23,53,5.9
KG5A,KJ23,48,5.6
KG6,KJ23,46,5.5
KG7,KJ23,42,5.6
KG8,KJ23,40,5.4
KG9,KJ23,38,5.5
KG10,KJ23,36,5.2
KG12,KJ23,32,4.9
KG12A,KJ23,28,4.9
KG13,KJ23,57,4.3
KG14,KJ23,54,4.1
KG15,KJ23,49,3.4
KG16,KJ23,47,3.1
KG17,KJ23,43,3.2
KG18A,KJ23,41,3.5
KG20,KJ23,39,3.9
KG21,KJ23,37,4.1
KG22,KJ23,33,4.3
KG23,KJ23,29,4.7
KG24,KJ23,58,4.9
KG25,KJ23,55,4.9
KG26,KJ23,50,5.1
KG27,KJ23,48,5.6
KG28,KJ23,44,5.4
KG29,KJ23,42,5.6
KG30,KJ23,40,5.7
KG31,KJ23,38,5.4
KG33,KJ23,34,5.8
KG34,KJ23,30,5.9
KG35,KJ23,59,5.3
KJ1,KJ24,54,3.6
KJ2,KJ24,51,3.4
KJ3,KJ24,47,3.2
KJ4,KJ24,45,3.1
KJ5,KJ24,39,3.5
KJ6,KJ24,37,3.4
KJ7,KJ24,36,3.4
KJ8,KJ24,35,3.3
KJ9,KJ24,33,3.7
KJ10,KJ24,32,3.5
KJ11,KJ24,30,3.4
KJ12,KJ24,28,3.2
KJ13,KJ24,26,3.4
KJ14,KJ24,25,3.2
KJ15,KJ24,22,3.0
KJ16,KJ24,20,2.8
KJ17,KJ24,17,2.8
KJ18,KJ24,16,2.6
KJ19,KJ24,14,2.5
KJ20,KJ24,10,1.9
KJ21,KJ24,8,1.7
KJ22,KJ24,5,1.4
KJ23,KJ24,2,1.1
KJ24,KJ24,0,0.0
KJ25,KJ24,3,1.2
KJ26,KJ24,5,1.4
KJ27,KJ24,8,1.8
KJ28,KJ24,9,2.1
KJ29,KJ24,13,2.4
KJ30,KJ24,15,2.6
KJ31,KJ24,18,2.7
KJ32,KJ24,19,2.9
KJ33,KJ24,22,3.2
KJ34,KJ24,24,3.3
KJ35,KJ24,27,3.2
KJ36,KJ24,30,3.5
KJ37,KJ24,34,3.7
KG4,KJ24,58,5.5
KG5,KJ24,55,6.1
KG5A,KJ24,50,5.8
KG6,KJ24,48,5.7
KG7,KJ24,44,5.8
KG8,KJ24,42,5.6
KG9,KJ24,40,5.7
KG10,KJ24,38,5.4
KG12,KJ24,34,5.1
KG12A,KJ24,30,5.1
KG13,KJ24,59,4.5
KG14,KJ24,56,4.2
KG15,KJ24,51,3.6
KG16,KJ24,49,3.2
KG17,KJ24,45,3.4
KG18A,KJ24,43,3.7
KG20,KJ24,41,4.1
KG21,KJ24,39,4.2
KG22,KJ24,35,4.5
KG23,KJ24,31,4.9
KG24,KJ24,60,5.1
KG25,KJ24,57,5.3
KG26,KJ24,52,5.7
KG27,KJ24,50,5.7
KG28,KJ24,46,5.5
KG29,KJ24,44,5.8
KG30,KJ24,42,5.9
KG31,KJ24,40,5.6
KG33,KJ24,36,6.0
KG34,KJ24,32,6.1
KG35,KJ24,61,5.5
KJ1,KJ25,57,3.7
KJ2,KJ25,54,3.7
KJ3,KJ25,50,3.5
KJ4,KJ25,48,3.3
KJ5,KJ25,42,3.7
KJ6,KJ25,40,3.6
KJ7,KJ25,39,3.5
KJ8,KJ25,38,3.4
KJ9,KJ25,36,3.3
KJ10,KJ25,35,3.8
KJ11,KJ25,33,3.6
KJ12,KJ25,31,3.4
KJ13,KJ25,29,3.3
KJ14,KJ25,28,3.1
KJ15,KJ25,25,3.2
KJ16,KJ25,23,3.0
KJ17,KJ25,20,2.8
KJ18,KJ25,19,2.7
KJ19,KJ25,17,2.8
KJ20,KJ25,13,2.3
KJ21,KJ25,11,2.1
KJ22,KJ25,8,1.8
KJ23,KJ25,5,1.5
KJ24,KJ25,3,1.2
KJ25,KJ25,0,0.0
KJ26,KJ25,2,1.1
KJ27,KJ25,5,1.4
KJ28,KJ25,6,1.8
KJ29,KJ25,10,2.0
KJ30,KJ25,12,2.2
KJ31,KJ25,15,2.7
KJ32,KJ25,16,2.6
KJ33,KJ25,19,2.9
KJ34,KJ25,21,3.1
KJ35,KJ25,24,3.4
KJ36,KJ25,27,3.2
KJ37,KJ25,31,3.5
KG4,KJ25,61,5.4
KG5,KJ25,58,6.0
KG5A,KJ25,53,5.6
KG6,KJ25,51,5.5
KG7,KJ25,47,5.7
KG8,KJ25,45,5.4
KG9,KJ25,43,5.5
KG10,KJ25,41,5.2
KG12,KJ25,37,4.9
KG12A,KJ25,33,5.0
KG13,KJ25,62,4.3
KG14,KJ25,59,4.1
KG15,KJ25,54,3.4
KG16,KJ25,52,3.1
KG17,KJ25,48,3.3
KG18A,KJ25,46,3.5
KG20,KJ25,44,3.9
KG21,KJ25,42,4.1
KG22,KJ25,38,4.3
KG23,KJ25,34,4.7
KG24,KJ25,63,4.9
KG25,KJ25,60,4.9
KG26,KJ25,55,5.2
KG27,KJ25,53,5.6
KG28,KJ25,49,5.4
KG29,KJ25,47,5.6
KG30,KJ25,45,5.8
KG31,KJ25,43,5.4
KG33,KJ25,39,5.8
KG34,KJ25,35,5.9
KG35,KJ25,64,5.4
KJ1,KJ26,59,3.9
KJ2,KJ26,56,3.8
KJ3,KJ26,52,3.6
KJ4,KJ26,50,3.3
KJ5,KJ26,44,3.8
KJ6,KJ26,42,3.7
KJ7,KJ26,41,3.6
KJ8,KJ26,40,3.5
KJ9,KJ26,38,3.4
KJ10,KJ26,37,3.3
KJ11,KJ26,35,3.7
KJ12,KJ26,33,3.6
KJ13,KJ26,31,3.4
KJ14,KJ26,30,3.2
KJ15,KJ26,27,3.4
KJ16,KJ26,25,3.2
KJ17,KJ26,22,3.0
KJ18,KJ26,21,2.8
KJ19,KJ26,19,2.7
KJ20,KJ26,15,2.4
KJ21,KJ26,13,2.3
KJ22,KJ26,10,1.9
KJ23,KJ26,7,1.7
KJ24,KJ26,5,1.4
KJ25,KJ26,2,1.1
KJ26,KJ26,0,0.0
KJ27,KJ26,3,1.2
KJ28,KJ26,4,1.6
KJ29,KJ26,8,1.8
KJ30,KJ26,10,2.1
KJ31,KJ26,13,2.5
KJ32,KJ26,14,2.7
KJ33,KJ26,17,2.7
KJ34,KJ26,19,2.9
KJ35,KJ26,22,3.3
KJ36,KJ26,25,3.1
KJ37,KJ26,29,3.3
KG4,KJ26,63,5.5
KG5,KJ26,60,6.1
KG5A,KJ26,55,5.8
KG6,KJ26,53,5.6
KG7,KJ26,49,5.8
KG8,KJ26,47,5.5
KG9,KJ26,45,5.6
KG10,KJ26,43,5.4
KG12,KJ26,39,5.0
KG12A,KJ26,35,5.1
KG13,KJ26,64,4.4
KG14,KJ26,61,4.2
KG15,KJ26,56,3.5
KG16,KJ26,54,3.2
KG17,KJ26,50,3.4
KG18A,KJ26,48,3.7
KG20,KJ26,46,4.0
KG21,KJ26,44,4.2
KG22,KJ26,40,4.4
KG23,KJ26,36,4.8
KG24,KJ26,65,5.0
KG25,KJ26,62,5.0
KG26,KJ26,57,5.3
KG27,KJ26,55,5.7
KG28,KJ26,51,5.5
KG29,KJ26,49,5.8
KG30,KJ26,47,5.9
KG31,KJ26,45,5.6
KG33,KJ26,41,6.0
KG34,KJ26,37,6.1
KG35,KJ26,66,5.5
KJ1,KJ27,62,4.1
KJ2,KJ27,59,3.9
KJ3,KJ27,55,3.7
KJ4,KJ27,53,3.5
KJ5,KJ27,47,3.2
KJ6,KJ27,45,3.2
KJ7,KJ27,44,3.8
KJ8,KJ27,43,3.7
KJ9,KJ27,41,3.6
KJ10,KJ27,40,3.5
KJ11,KJ27,38,3.3
KJ12,KJ27,36,3.8
KJ13,KJ27,34,3.6
KJ14,KJ27,33,3.4
KJ15,KJ27,30,3.2
KJ16,KJ27,28,3.5
KJ17,KJ27,25,3.2
KJ18,KJ27,24,3.1
KJ19,KJ27,22,3.0
KJ20,KJ27,18,2.8
KJ21,KJ27,16,2.6
KJ22,KJ27,13,2.2
KJ23,KJ27,10,1.9
KJ24,KJ27,8,1.8
KJ25,KJ27,5,1.4
KJ26,KJ27,3,1.2
KJ27,KJ27,0,0.0
KJ28,KJ27,1,1.3
KJ29,KJ27,5,1.6
KJ30,KJ27,7,1.8
KJ31,KJ27,10,2.2
KJ32,KJ27,11,2.4
KJ33,KJ27,14,2.7
KJ34,KJ27,16,2.6
KJ35,KJ27,19,3.0
KJ36,KJ27,22,3.3
KJ37,KJ27,26,3.1
KG4,KJ27,66,5.7
KG5,KJ27,63,6.3
KG5A,KJ27,58,6.0
KG6,KJ27,56,5.8
KG7,KJ27,52,6.0
KG8,KJ27,50,5.8
KG9,KJ27,48,5.9
KG10,KJ27,46,5.6
KG12,KJ27,42,5.2
KG12A,KJ27,38,5.3
KG13,KJ27,67,4.7
KG14,KJ27,64,4.4
KG15,KJ27,59,3.7
KG16,KJ27,57,3.4
KG17,KJ27,53,3.6
KG18A,KJ27,51,3.9
KG20,KJ27,49,4.3
KG21,KJ27,47,4.4
KG22,KJ27,43,4.6
KG23,KJ27,39,5.0
KG24,KJ27,68,5.3
KG25,KJ27,65,5.2
KG26,KJ27,60,5.5
KG27,KJ27,58,5.9
KG28,KJ27,54,5.7
KG29,KJ27,52,6.0
KG30,KJ27,50,6.1
KG31,KJ27,48,5.8
KG33,KJ27,44,6.2
KG34,KJ27,40,6.3
KG35,KJ27,69,5.7
KJ1,KJ28,63,4.2
KJ2,KJ28,60,4.1
KJ3,KJ28,56,3.9
KJ4,KJ28,54,3.6
KJ5,KJ28,48,3.4
KJ6,KJ28,46,3.3
KJ7,KJ28,45,3.2
KJ8,KJ28,44,3.2
KJ9,KJ28,42,3.8
KJ10,KJ28,41,3.7
KJ11,KJ28,39,3.5
KJ12,KJ28,37,3.4
KJ13,KJ28,35,3.3
KJ14,KJ28,34,3.7
KJ15,KJ28,31,3.4
KJ16,KJ28,29,3.3
KJ17,KJ28,26,3.1
KJ18,KJ28,25,3.4
KJ19,KJ28,23,3.3
KJ20,KJ28,19,2.8
KJ21,KJ28,17,2.7
KJ22,KJ28,14,2.6
KJ23,KJ28,11,2.3
KJ24,KJ28,9,2.1
KJ25,KJ28,6,1.8
KJ26,KJ28,4,1.6
KJ27,KJ28,1,1.3
KJ28,KJ28,0,0.0
KJ29,KJ28,4,1.2
KJ30,KJ28,6,1.4
KJ31,KJ28,9,1.8
KJ32,KJ28,10,2.0
KJ33,KJ28,13,2.2
KJ34,KJ28,15,2.6
KJ35,KJ28,18,2.7
KJ36,KJ28,21,3.0
KJ37,KJ28,25,3.3
KG4,KJ28,67,5.9
KG5,KJ28,64,6.6
KG5A,KJ28,59,6.2
KG6,KJ28,57,6.1
KG7,KJ28,53,6.3
KG8,KJ28,51,6.0
KG9,KJ28,49,6.1
KG10,KJ28,47,5.8
KG12,KJ28,43,5.5
KG12A,KJ28,39,5.5
KG13,KJ28,68,4.9
KG14,KJ28,65,4.7
KG15,KJ28,60,4.0
KG16,KJ28,58,3.7
KG17,KJ28,54,3.8
KG18A,KJ28,52,4.1
KG20,KJ28,50,4.5
KG21,KJ28,48,4.7
KG22,KJ28,44,4.9
KG23,KJ28,40,5.3
KG24,KJ28,69,5.5
KG25,KJ28,66,5.5
KG26,KJ28,61,5.8
KG27,KJ28,59,6.2
KG28,KJ28,55,6.0
KG29,KJ28,53,6.2
KG30,KJ28,51,6.3
KG31,KJ28,49,6.0
KG33,KJ28,45,6.4
KG34,KJ28,41,6.5
KG35,KJ28,70,5.9
KJ1,KJ29,67,4.3
KJ2,KJ29,64,4.2
KJ3,KJ29,60,4.0
KJ4,KJ29,58,3.8
KJ5,KJ29,52,3.5
KJ6,KJ29,50,3.4
KJ7,KJ29,49,3.4
KJ8,KJ29,48,3.3
KJ9,KJ29,46,3.2
KJ10,KJ29,45,3.1
KJ11,KJ29,43,3.7
KJ12,KJ29,41,3.6
KJ13,KJ29,39,3.4
KJ14,KJ29,38,3.3
KJ15,KJ29,35,3.7
KJ16,KJ29,33,3.5
KJ17,KJ29,30,3.3
KJ18,KJ29,29,3.2
KJ19,KJ29,27,3.1
KJ20,KJ29,23,3.1
KJ21,KJ29,21,2.9
KJ22,KJ29,18,2.6
KJ23,KJ29,15,2.6
KJ24,KJ29,13,2.4
KJ25,KJ29,10,2.0
KJ26,KJ29,8,1.8
KJ27,KJ29,5,1.6
KJ28,KJ29,4,1.2
KJ29,KJ29,0,0.0
KJ30,KJ29,2,1.1
KJ31,KJ29,5,1.6
KJ32,KJ29,6,1.8
KJ33,KJ29,9,2.0
KJ34,KJ29,11,2.3
KJ35,KJ29,14,2.7
KJ36,KJ29,17,2.7
KJ37,KJ29,21,3.0
KG4,KJ29,71,5.6
KG5,KJ29,68,6.2
KG5A,KJ29,63,5.8
KG6,KJ29,61,5.7
KG7,KJ29,57,5.9
KG8,KJ29,55,5.6
KG9,KJ29,53,5.7
KG10,KJ29,51,5.4
KG12,KJ29,47,5.1
KG12A,KJ29,43,5.2
KG13,KJ29,72,4.5
KG14,KJ29,69,4.3
KG15,KJ29,64,3.6
KG16,KJ29,62,3.3
KG17,KJ29,58,3.5
KG18A,KJ29,56,3.8
KG20,KJ29,54,4.1
KG21,KJ29,52,4.3
KG22,KJ29,48,4.5
KG23,KJ29,44,4.9
KG24,KJ29,73,5.1
KG25,KJ29,70,5.1
KG26,KJ29,65,5.4
KG27,KJ29,63,5.8
KG28,KJ29,59,5.6
KG29,KJ29,57,5.8
KG30,KJ29,55,6.0
KG31,KJ29,53,5.6
KG33,KJ29,49,6.0
KG34,KJ29,45,6.1
KG35,KJ29,74,5.6
KJ1,KJ30,69,4.4
KJ2,KJ30,66,4.3
KJ3,KJ30,62,4.1
KJ4,KJ30,60,3.8
KJ5,KJ30,54,3.6
KJ6,KJ30,52,3.5
KJ7,KJ30,51,3.5
KJ8,KJ30,50,3.4
KJ9,KJ30,48,3.3
KJ10,KJ30,47,3.2
KJ11,KJ30,45,3.8
KJ12,KJ30,43,3.7
KJ13,KJ30,41,3.5
KJ14,KJ30,40,3.4
KJ15,KJ30,37,3.8
KJ16,KJ30,35,3.6
KJ17,KJ30,32,3.5
KJ18,KJ30,31,3.3
KJ19,KJ30,29,3.2
KJ20,KJ30,25,3.2
KJ21,KJ30,23,3.1
KJ22,KJ30,20,2.8
KJ23,KJ30,17,2.8
KJ24,KJ30,15,2.6
KJ25,KJ30,12,2.1
KJ26,KJ30,10,2.1
KJ27,KJ30,7,1.8
KJ28,KJ30,6,1.4
KJ29,KJ30,2,1.1
KJ30,KJ30,0,0.0
KJ31,KJ30,3,1.4
KJ32,KJ30,4,1.6
KJ33,KJ30,7,1.8
KJ34,KJ30,9,2.0
KJ35,KJ30,12,2.5
KJ36,KJ30,15,2.8
KJ37,KJ30,19,2.8
KG4,KJ30,73,5.7
KG5,KJ30,70,6.3
KG5A,KJ30,65,6.0
KG6,KJ30,63,5.8
KG7,KJ30,59,6.0
KG8,KJ30,57,5.7
KG9,KJ30,55,5.8
KG10,KJ30,53,5.6
KG12,KJ30,49,5.2
KG12A,KJ30,45,5.3
KG13,KJ30,74,4.6
KG14,KJ30,71,4.4
KG15,KJ30,66,3.7
KG16,KJ30,64,3.4
KG17,KJ30,60,3.6
KG18A,KJ30,58,3.9
KG20,KJ30,56,4.2
KG21,KJ30,54,4.4
KG22,KJ30,50,4.6
KG23,KJ30,46,5.0
KG24,KJ30,75,5.2
KG25,KJ30,72,5.2
KG26,KJ30,67,5.5
KG27,KJ30,65,5.9
KG28,KJ30,61,5.7
KG29,KJ30,59,6.0
KG30,KJ30,57,6.1
KG31,KJ30,55,5.8
KG33,KJ30,51,6.2
KG34,KJ30,47,6.3
KG35,KJ30,76,5.7
KJ1,KJ31,72,4.6
KJ2,KJ31,69,4.5
KJ3,KJ31,65,4.3
KJ4,KJ31,63,4.0
KJ5,KJ31,57,3.8
KJ6,KJ31,55,3.7
KJ7,KJ31,54,3.6
KJ8,KJ31,53,3.6
KJ9,KJ31,51,3.5
KJ10,KJ31,50,3.4
KJ11,KJ31,48,3.3
KJ12,KJ31,46,3.2
KJ13,KJ31,44,3.8
KJ14,KJ31,43,3.7
KJ15,KJ31,40,3.5
KJ16,KJ31,38,3.3
KJ17,KJ31,35,3.8
KJ18,KJ31,34,3.6
KJ19,KJ31,32,3.5
KJ20,KJ31,28,3.2
KJ21,KJ31,26,3.5
KJ22,KJ31,23,3.2
KJ23,KJ31,20,2.9
KJ24,KJ31,18,2.7
KJ25,KJ31,15,2.7
KJ26,KJ31,13,2.5
KJ27,KJ31,10,2.2
KJ28,KJ31,9,1.8
KJ29,KJ31,5,1.6
KJ30,KJ31,3,1.4
KJ31,KJ31,0,0.0
KJ32,KJ31,1,1.1
KJ33,KJ31,4,1.4
KJ34,KJ31,6,1.7
KJ35,KJ31,9,2.0
KJ36,KJ31,12,2.3
KJ37,KJ31,16,2.7
KG4,KJ31,76,5.9
KG5,KJ31,73,6.5
KG5A,KJ31,68,6.2
KG6,KJ31,66,6.1
KG7,KJ31,62,6.2
KG8,KJ31,60,6.0
KG9,KJ31,58,6.1
KG10,KJ31,56,5.8
KG12,KJ31,52,5.5
KG12A,KJ31,48,5.5
KG13,KJ31,77,4.9
KG14,KJ31,74,4.7
KG15,KJ31,69,4.0
KG16,KJ31,67,3.7
KG17,KJ31,63,3.7
KG18A,KJ31,61,4.1
KG20,KJ31,59,4.5
KG21,KJ31,57,4.7
KG22,KJ31,53,4.9
KG23,KJ31,49,5.3
KG24,KJ31,78,5.5
KG25,KJ31,75,5.5
KG26,KJ31,70,5.7
KG27,KJ31,68,6.2
KG28,KJ31,64,6.0
KG29,KJ31,62,6.2
KG30,KJ31,60,6.3
KG31,KJ31,58,6.0
KG33,KJ31,54,6.4
KG34,KJ31,50,6.5
KG35,KJ31,79,5.9
KJ1,KJ32,73,4.7
KJ2,KJ32,70,4.5
KJ3,KJ32,66,4.4
KJ4,KJ32,64,4.1
KJ5,KJ32,58,3.9
KJ6,KJ32,56,3.8
KJ7,KJ32,55,3.7
KJ8,KJ32,54,3.6
KJ9,KJ32,52,3.5
KJ10,KJ32,51,3.5
KJ11,KJ32,49,3.4
KJ12,KJ32,47,3.3
KJ13,KJ32,45,3.2
KJ14,KJ32,44,3.8
KJ15,KJ32,41,3.6
KJ16,KJ32,39,3.4
KJ17,KJ32,36,3.3
KJ18,KJ32,35,3.8
KJ19,KJ32,33,3.7
KJ20,KJ32,29,3.3
KJ21,KJ32,27,3.2
KJ22,KJ32,24,3.3
KJ23,KJ32,21,3.1
KJ24,KJ32,19,2.9
KJ25,KJ32,16,2.6
KJ26,KJ32,14,2.7
KJ27,KJ32,11,2.4
KJ28,KJ32,10,2.0
KJ29,KJ32,6,1.8
KJ30,KJ32,4,1.6
KJ31,KJ32,1,1.1
KJ32,KJ32,0,0.0
KJ33,KJ32,3,1.2
KJ34,KJ32,5,1.5
KJ35,KJ32,8,1.8
KJ36,KJ32,11,2.2
KJ37,KJ32,15,2.5
KG4,KJ32,77,6.0
KG5,KJ32,74,6.6
KG5A,KJ32,69,6.3
KG6,KJ32,67,6.2
KG7,KJ32,63,6.3
KG8,KJ32,61,6.1
KG9,KJ32,59,6.2
KG10,KJ32,57,5.9
KG12,KJ32,53,5.6
KG12A,KJ32,49,5.6
KG13,KJ32,78,5.0
KG14,KJ32,75,4.8
KG15,KJ32,70,4.1
KG16,KJ32,68,3.8
KG17,KJ32,64,3.9
KG18A,KJ32,62,4.2
KG20,KJ32,60,4.6
KG21,KJ32,58,4.8
KG22,KJ32,54,5.0
KG23,KJ32,50,5.4
KG24,KJ32,79,5.6
KG25,KJ32,76,5.6
KG26,KJ32,71,5.8
KG27,KJ32,69,6.3
KG28,KJ32,65,6.1
KG29,KJ32,63,6.3
KG30,KJ32,61,6.4
KG31,KJ32,59,6.1
KG33,KJ32,55,6.5
KG34,KJ32,51,6.6
KG35,KJ32,80,6.0
KJ1,KJ33,76,4.8
KJ2,KJ33,73,4.7
KJ3,KJ33,69,4.5
KJ4,KJ33,67,4.2
KJ5,KJ33,61,4.0
KJ6,KJ33,59,3.9
KJ7,KJ33,58,3.9
KJ8,KJ33,57,3.8
KJ9,KJ33,55,3.7
KJ10,KJ33,54,3.6
KJ11,KJ33,52,3.5
KJ12,KJ33,50,3.4
KJ13,KJ33,48,3.3
KJ14,KJ33,47,3.2
KJ15,KJ33,44,3.8
KJ16,KJ33,42,3.6
KJ17,KJ33,39,3.5
KJ18,KJ33,38,3.4
KJ19,KJ33,36,3.3
KJ20,KJ33,32,3.5
KJ21,KJ33,30,3.4
KJ22,KJ33,27,3.1
KJ23,KJ33,24,3.3
KJ24,KJ33,22,3.2
KJ25,KJ33,19,2.9
KJ26,KJ33,17,2.7
KJ27,KJ33,14,2.7
KJ28,KJ33,13,2.3
KJ29,KJ33,9,2.0
KJ30,KJ33,7,1.8
KJ31,KJ33,4,1.4
KJ32,KJ33,3,1.2
KJ33,KJ33,0,0.0
KJ34,KJ33,2,1.1
KJ35,KJ33,5,1.6
KJ36,KJ33,8,1.8
KJ37,KJ33,12,2.2
KG4,KJ33,80,5.5
KG5,KJ33,77,6.1
KG5A,KJ33,72,5.7
KG6,KJ33,70,5.6
KG7,KJ33,66,5.8
KG8,KJ33,64,5.5
KG9,KJ33,62,5.6
KG10,KJ33,60,5.3
KG12,KJ33,56,5.0
KG12A,KJ33,52,5.1
KG13,KJ33,81,4.4
KG14,KJ33,78,4.2
KG15,KJ33,73,3.5
KG16,KJ33,71,3.2
KG17,KJ33,67,3.4
KG18A,KJ33,65,3.7
KG20,KJ33,63,4.0
KG21,KJ33,61,4.2
KG22,KJ33,57,4.4
KG23,KJ33,53,4.8
KG24,KJ33,82,5.0
KG25,KJ33,79,5.0
KG26,KJ33,74,5.3
KG27,KJ33,72,5.7
KG28,KJ33,68,5.5
KG29,KJ33,66,5.7
KG30,KJ33,64,5.9
KG31,KJ33,62,5.5
KG33,KJ33,58,5.9
KG34,KJ33,54,6.0
KG35,KJ33,83,5.5
KJ1,KJ34,78,4.9
KJ2,KJ34,75,4.8
KJ3,KJ34,71,4.6
KJ4,KJ34,69,4.3
KJ5,KJ34,63,4.1
KJ6,KJ34,61,4.0
KJ7,KJ34,60,3.9
KJ8,KJ34,59,3.9
KJ9,KJ34,57,3.8
KJ10,KJ34,56,3.7
KJ11,KJ34,54,3.6
KJ12,KJ34,52,3.5
KJ13,KJ34,50,3.4
KJ14,KJ34,49,3.3
KJ15,KJ34,46,3.1
KJ16,KJ34,44,3.7
KJ17,KJ34,41,3.6
KJ18,KJ34,40,3.5
KJ19,KJ34,38,3.4
KJ20,KJ34,34,3.7
KJ21,KJ34,32,3.5
KJ22,KJ34,29,3.3
KJ23,KJ34,26,3.1
KJ24,KJ34,24,3.3
KJ25,KJ34,21,3.1
KJ26,KJ34,19,2.9
KJ27,KJ34,16,2.6
KJ28,KJ34,15,2.6
KJ29,KJ34,11,2.3
KJ30,KJ34,9,2.0
KJ31,KJ34,6,1.7
KJ32,KJ34,5,1.5
KJ33,KJ34,2,1.1
KJ34,KJ34,0,0.0
KJ35,KJ34,3,1.3
KJ36,KJ34,6,1.7
KJ37,KJ34,10,2.0
KG4,KJ34,82,5.6
KG5,KJ34,79,6.2
KG5A,KJ34,74,5.8
KG6,KJ34,72,5.7
KG7,KJ34,68,5.9
KG8,KJ34,66,5.6
KG9,KJ34,64,5.7
KG10,KJ34,62,5.4
KG12,KJ34,58,5.1
KG12A,KJ34,54,5.2
KG13,KJ34,83,4.5
KG14,KJ34,80,4.3
KG15,KJ34,75,3.6
KG16,KJ34,73,3.3
KG17,KJ34,69,3.5
KG18A,KJ34,67,3.8
KG20,KJ34,65,4.1
KG21,KJ34,63,4.3
KG22,KJ34,59,4.5
KG23,KJ34,55,4.9
KG24,KJ34,84,5.1
KG25,KJ34,81,5.1
KG26,KJ34,76,5.4
KG27,KJ34,74,5.8
KG28,KJ34,70,5.6
KG29,KJ34,68,5.8
KG30,KJ34,66,6.0
KG31,KJ34,64,5.6
KG33,KJ34,60,6.0
KG34,KJ34,56,6.1
KG35,KJ34,85,5.6
KJ1,KJ35,81,5.1
KJ2,KJ35,78,4.9
KJ3,KJ35,74,4.8
KJ4,KJ35,72,4.5
KJ5,KJ35,66,4.3
KJ6,KJ35,64,4.2
KJ7,KJ35,63,4.1
KJ8,KJ35,62,4.0
KJ9,KJ35,60,3.9
KJ10,KJ35,59,3.9
KJ11,KJ35,57,3.8
KJ12,KJ35,55,3.7
KJ13,KJ35,53,3.6
KJ14,KJ35,52,3.5
KJ15,KJ35,49,3.3
KJ16,KJ35,47,3.2
KJ17,KJ35,44,3.1
KJ18,KJ35,43,3.7
KJ19,KJ35,41,3.6
KJ20,KJ35,37,3.4
KJ21,KJ35,35,3.3
KJ22,KJ35,32,3.6
KJ23,KJ35,29,3.4
KJ24,KJ35,27,3.2
KJ25,KJ35,24,3.4
KJ26,KJ35,22,3.3
KJ27,KJ35,19,3.0
KJ28,KJ35,18,2.7
KJ29,KJ35,14,2.7
KJ30,KJ35,12,2.5
KJ31,KJ35,9,2.0
KJ32,KJ35,8,1.8
KJ33,KJ35,5,1.6
KJ34,KJ35,3,1.3
KJ35,KJ35,0,0.0
KJ36,KJ35,3,1.2
KJ37,KJ35,7,1.6
KG4,KJ35,85,5.7
KG5,KJ35,82,6.3
KG5A,KJ35,77,6.0
KG6,KJ35,75,5.9
KG7,KJ35,71,6.0
KG8,KJ35,69,5.8
KG9,KJ35,67,5.9
KG10,KJ35,65,5.6
KG12,KJ35,61,5.3
KG12A,KJ35,57,5.3
KG13,KJ35,86,4.7
KG14,KJ35,83,4.5
KG15,KJ35,78,3.8
KG16,KJ35,76,3.5
KG17,KJ35,72,3.6
KG18A,KJ35,70,3.9
KG20,KJ35,68,4.3
KG21,KJ35,66,4.5
KG22,KJ35,62,4.4
KG23,KJ35,58,4.8
KG24,KJ35,87,5.1
KG25,KJ35,84,5.4
KG26,KJ35,79,5.7
KG27,KJ35,77,6.2
KG28,KJ35,73,6.1
KG29,KJ35,71,6.4
KG30,KJ35,69,6.6
KG31,KJ35,67,6.5
KG33,KJ35,63,7.0
KG34,KJ35,59,7.1
KG35,KJ35,88,6.7
KJ1,KJ36,84,5.2
KJ2,KJ36,81,5.1
KJ3,KJ36,77,4.9
KJ4,KJ36,75,4.6
KJ5,KJ36,69,4.4
KJ6,KJ36,67,4.3
KJ7,KJ36,66,4.3
KJ8,KJ36,65,4.2
KJ9,KJ36,63,4.1
KJ10,KJ36,62,4.0
KJ11,KJ36,60,3.9
KJ12,KJ36,58,3.8
KJ13,KJ36,56,3.7
KJ14,KJ36,55,3.6
KJ15,KJ36,52,3.5
KJ16,KJ36,50,3.4
KJ17,KJ36,47,3.2
KJ18,KJ36,46,3.2
KJ19,KJ36,44,3.8
KJ20,KJ36,40,3.5
KJ21,KJ36,38,3.4
KJ22,KJ36,35,3.2
KJ23,KJ36,32,3.6
KJ24,KJ36,30,3.5
KJ25,KJ36,27,3.2
KJ26,KJ36,25,3.1
KJ27,KJ36,22,3.3
KJ28,KJ36,21,3.0
KJ29,KJ36,17,2.7
KJ30,KJ36,15,2.8
KJ31,KJ36,12,2.3
KJ32,KJ36,11,2.2
KJ33,KJ36,8,1.8
KJ34,KJ36,6,1.7
KJ35,KJ36,3,1.2
KJ36,KJ36,0,0.0
KJ37,KJ36,4,1.3
KG4,KJ36,87,5.9
KG5,KJ36,84,6.5
KG5A,KJ36,79,6.1
KG6,KJ36,77,6.0
KG7,KJ36,73,6.2
KG8,KJ36,71,5.9
KG9,KJ36,69,6.0
KG10,KJ36,67,5.7
KG12,KJ36,63,5.4
KG12A,KJ36,59,5.5
KG13,KJ36,88,4.8
KG14,KJ36,85,4.6
KG15,KJ36,80,3.9
KG16,KJ36,78,3.6
KG17,KJ36,74,3.8
KG18A,KJ36,72,4.1
KG20,KJ36,70,4.4
KG21,KJ36,68,4.6
KG22,KJ36,64,4.0
KG23,KJ36,60,4.5
KG24,KJ36,89,4.7
KG25,KJ36,86,5.0
KG26,KJ36,81,5.3
KG27,KJ36,79,5.8
KG28,KJ36,75,5.8
KG29,KJ36,73,6.1
KG30,KJ36,71,6.2
KG31,KJ36,69,6.1
KG33,KJ36,65,6.6
KG34,KJ36,61,6.7
KG35,KJ36,90,6.4
KJ1,KJ37,88,5.3
KJ2,KJ37,85,5.1
KJ3,KJ37,81,4.9
KJ4,KJ37,79,4.8
KJ5,KJ37,73,4.5
KJ6,KJ37,71,4.5
KJ7,KJ37,70,4.4
KJ8,KJ37,69,4.3
KJ9,KJ37,67,4.2
KJ10,KJ37,66,4.1
KJ11,KJ37,64,4.0
KJ12,KJ37,62,4.0
KJ13,KJ37,60,3.8
KJ14,KJ37,59,3.7
KJ15,KJ37,56,3.6
KJ16,KJ37,54,3.5
KJ17,KJ37,51,3.4
KJ18,KJ37,50,3.3
KJ19,KJ37,48,3.3
KJ20,KJ37,44,3.7
KJ21,KJ37,42,3.6
KJ22,KJ37,39,3.4
KJ23,KJ37,36,3.3
KJ24,KJ37,34,3.7
KJ25,KJ37,31,3.5
KJ26,KJ37,29,3.3
KJ27,KJ37,26,3.1
KJ28,KJ37,25,3.3
KJ29,KJ37,21,3.0
KJ30,KJ37,19,2.8
KJ31,KJ37,16,2.7
KJ32,KJ37,15,2.5
KJ33,KJ37,12,2.2
KJ34,KJ37,10,2.0
KJ35,KJ37,7,1.6
KJ36,KJ37,4,1.3
KJ37,KJ37,0,0.0
KG4,KJ37,91,6.6
KG5,KJ37,88,6.6
KG5A,KJ37,83,6.3
KG6,KJ37,81,6.2
KG7,KJ37,77,6.3
KG8,KJ37,75,6.1
KG9,KJ37,73,6.2
KG10,KJ37,71,5.9
KG12,KJ37,67,5.6
KG12A,KJ37,63,5.6
KG13,KJ37,92,5.0
KG14,KJ37,89,4.7
KG15,KJ37,84,4.1
KG16,KJ37,82,3.7
KG17,KJ37,78,3.8
KG18A,KJ37,76,4.1
KG20,KJ37,74,4.1
KG21,KJ37,72,3.8
KG22,KJ37,68,3.6
KG23,KJ37,64,4.0
KG24,KJ37,93,4.3
KG25,KJ37,90,4.6
KG26,KJ37,85,4.9
KG27,KJ37,83,5.4
KG28,KJ37,79,5.4
KG29,KJ37,77,5.6
KG30,KJ37,75,5.8
KG31,KJ37,73,5.5
KG33,KJ37,69,6.2
KG34,KJ37,65,6.3
KG35,KJ37,94,5.9
KJ1,KG4,66,5.7
KJ2,KG4,63,5.4
KJ3,KG4,59,5.5
KJ4,KG4,57,5.3
KJ5,KG4,51,5.2
KJ6,KG4,49,5.0
KJ7,KG4,48,4.8
KJ8,KG4,47,4.7
KJ9,KG4,45,4.4
KJ10,KG4,44,4.2
KJ11,KG4,42,4.1
KJ12,KG4,40,3.8
KJ13,KG4,38,3.5
KJ14,KG4,37,3.2
KJ15,KG4,40,3.6
KJ16,KG4,42,3.9
KJ17,KG4,45,4.2
KJ18,KG4,46,4.3
KJ19,KG4,48,4.4
KJ20,KG4,52,5.0
KJ21,KG4,54,5.1
KJ22,KG4,57,5.1
KJ23,KG4,60,5.3
KJ24,KG4,62,5.5
KJ25,KG4,65,5.4
KJ26,KG4,67,5.5
KJ27,KG4,70,5.7
KJ28,KG4,71,5.9
KJ29,KG4,75,5.6
KJ30,KG4,77,5.7
KJ31,KG4,80,5.9
KJ32,KG4,81,6.0
KJ33,KG4,84,5.5
KJ34,KG4,86,5.6
KJ35,KG4,89,5.7
KJ36,KG4,92,5.9
KJ37,KG4,96,6.0
KG4,KG4,0,0.0
KG5,KG4,3,1.2
KG5A,KG4,5,1.8
KG6,KG4,15,2.0
KG7,KG4,19,2.6
KG8,KG4,21,2.7
KG9,KG4,23,3.1
KG10,KG4,25,3.3
KG12,KG4,28,3.2
KG12A,KG4,31,3.5
KG13,KG4,34,3.3
KG14,KG4,36,3.4
KG15,KG4,37,3.1
KG16,KG4,39,3.2
KG17,KG4,41,3.3
KG18A,KG4,43,3.4
KG20,KG4,46,3.5
KG21,KG4,49,3.6
KG22,KG4,50,3.7
KG23,KG4,54,3.9
KG24,KG4,56,4.0
KG25,KG4,58,4.1
KG26,KG4,61,4.3
KG27,KG4,63,4.5
KG28,KG4,66,4.6
KG29,KG4,68,4.8
KG30,KG4,70,4.8
KG31,KG4,73,5.0
KG33,KG4,77,5.3
KG34,KG4,78,5.4
KG35,KG4,81,5.5
KJ1,KG5,64,6.3
KJ2,KG5,61,6.0
KJ3,KG5,57,6.1
KJ4,KG5,55,5.9
KJ5,KG5,49,5.8
KJ6,KG5,47,5.6
KJ7,KG5,46,5.4
KJ8,KG5,45,5.3
KJ9,KG5,43,5.0
KJ10,KG5,42,4.8
KJ11,KG5,40,4.7
KJ12,KG5,38,4.4
KJ13,KG5,36,4.1
KJ14,KG5,35,3.8
KJ15,KG5,38,4.2
KJ16,KG5,40,4.5
KJ17,KG5,43,4.8
KJ18,KG5,44,5.9
KJ19,KG5,46,5.0
KJ20,KG5,50,5.6
KJ21,KG5,52,5.7
KJ22,KG5,55,5.7
KJ23,KG5,58,5.9
KJ24,KG5,60,6.1
KJ25,KG5,63,6.0
KJ26,KG5,65,6.1
KJ27,KG5,68,6.3
KJ28,KG5,69,6.6
KJ29,KG5,73,6.2
KJ30,KG5,75,6.3
KJ31,KG5,78,6.5
KJ32,KG5,79,6.6
KJ33,KG5,82,6.1
KJ34,KG5,84,6.2
KJ35,KG5,87,6.3
KJ36,KG5,90,6.5
KJ37,KG5,94,6.6
KG4,KG5,3,1.2
KG5,KG5,0,0.0
KG5A,KG5,3,1.5
KG6,KG5,12,1.8
KG7,KG5,12,2.3
KG8,KG5,19,2.7
KG9,KG5,19,2.8
KG10,KG5,18,3.1
KG12,KG5,25,3.4
KG12A,KG5,28,3.3
KG13,KG5,31,3.7
KG14,KG5,34,3.3
KG15,KG5,36,3.7
KG16,KG5,37,3.8
KG17,KG5,39,3.2
KG18A,KG5,41,3.3
KG20,KG5,43,3.4
KG21,KG5,46,3.5
KG22,KG5,49,3.6
KG23,KG5,50,3.8
KG24,KG5,54,3.9
KG25,KG5,56,4.0
KG26,KG5,58,4.2
KG27,KG5,61,4.4
KG28,KG5,63,4.5
KG29,KG5,66,4.6
KG30,KG5,68,4.7
KG31,KG5,70,4.9
KG33,KG5,73,5.2
KG34,KG5,77,5.2
KG35,KG5,78,5.4
KJ1,KG5A,62,6.0
KJ2,KG5A,59,5.7
KJ3,KG5A,55,5.8
KJ4,KG5A,53,5.6
KJ5,KG5A,47,5.5
KJ6,KG5A,45,5.3
KJ7,KG5A,44,5.1
KJ8,KG5A,43,4.9
KJ9,KG5A,41,4.7
KJ10,KG5A,40,4.5
KJ11,KG5A,38,4.4
KJ12,KG5A,36,4.1
KJ13,KG5A,34,3.8
KJ14,KG5A,33,3.5
KJ15,KG5A,36,3.9
KJ16,KG5A,38,4.2
KJ17,KG5A,41,4.5
KJ18,KG5A,42,4.5
KJ19,KG5A,44,4.7
KJ20,KG5A,48,5.2
KJ21,KG5A,50,5.4
KJ22,KG5A,53,5.4
KJ23,KG5A,56,5.6
KJ24,KG5A,58,5.8
KJ25,KG5A,61,5.6
KJ26,KG5A,63,5.8
KJ27,KG5A,66,6.0
KJ28,KG5A,67,6.2
KJ29,KG5A,71,5.8
KJ30,KG5A,73,6.0
KJ31,KG5A,76,6.2
KJ32,KG5A,77,6.3
KJ33,KG5A,80,5.7
KJ34,KG5A,82,5.8
KJ35,KG5A,85,6.0
KJ36,KG5A,88,6.1
KJ37,KG5A,92,6.3
KG4,KG5A,5,1.8
KG5,KG5A,3,1.5
KG5A,KG5A,0,0.0
KG6,KG5A,4,1.1
KG7,KG5A,7,1.8
KG8,KG5A,10,2.1
KG9,KG5A,13,2.6
KG10,KG5A,15,2.6
KG12,KG5A,18,3.0
KG12A,KG5A,25,3.2
KG13,KG5A,28,3.3
KG14,KG5A,31,3.5
KG15,KG5A,34,3.4
KG16,KG5A,36,3.5
KG17,KG5A,37,3.6
KG18A,KG5A,39,3.7
KG20,KG5A,41,3.2
KG21,KG5A,43,3.3
KG22,KG5A,46,3.4
KG23,KG5A,49,3.5
KG24,KG5A,50,3.6
KG25,KG5A,54,3.8
KG26,KG5A,56,3.9
KG27,KG5A,58,4.1
KG28,KG5A,61,4.3
KG29,KG5A,63,4.4
KG30,KG5A,66,4.5
KG31,KG5A,68,4.6
KG33,KG5A,70,4.9
KG34,KG5A,73,5.0
KG35,KG5A,77,5.1
KJ1,KG6,59,5.8
KJ2,KG6,56,5.6
KJ3,KG6,52,5.7
KJ4,KG6,50,5.5
KJ5,KG6,44,5.3
KJ6,KG6,42,5.1
KJ7,KG6,41,5.0
KJ8,KG6,40,4.8
KJ9,KG6,38,4.6
KJ10,KG6,37,4.4
KJ11,KG6,35,4.2
KJ12,KG6,33,4.0
KJ13,KG6,31,3.6
KJ14,KG6,30,3.4
KJ15,KG6,33,3.7
KJ16,KG6,35,4.0
KJ17,KG6,38,4.3
KJ18,KG6,39,4.4
KJ19,KG6,41,4.6
KJ20,KG6,45,5.1
KJ21,KG6,47,5.3
KJ22,KG6,50,5.2
KJ23,KG6,53,5.5
KJ24,KG6,55,5.7
KJ25,KG6,58,5.5
KJ26,KG6,60,5.6
KJ27,KG6,63,5.8
KJ28,KG6,64,6.1
KJ29,KG6,68,5.7
KJ30,KG6,70,5.8
KJ31,KG6,73,6.1
KJ32,KG6,74,6.2
KJ33,KG6,77,5.6
KJ34,KG6,79,5.7
KJ35,KG6,82,5.9
KJ36,KG6,85,6.0
KJ37,KG6,89,6.2
KG4,KG6,15,2.0
KG5,KG6,8,1.8
KG5A,KG6,3,1.1
KG6,KG6,0,0.0
KG7,KG6,4,1.6
KG8,KG6,7,1.9
KG9,KG6,10,2.3
KG10,KG6,12,2.6
KG12,KG6,15,2.8
KG12A,KG6,18,3.0
KG13,KG6,25,3.1
KG14,KG6,28,3.3
KG15,KG6,31,3.8
KG16,KG6,34,3.4
KG17,KG6,36,3.4
KG18A,KG6,37,3.6
KG20,KG6,39,3.8
KG21,KG6,41,3.2
KG22,KG6,43,3.3
KG23,KG6,46,3.4
KG24,KG6,49,3.5
KG25,KG6,50,3.7
KG26,KG6,54,3.8
KG27,KG6,56,4.0
KG28,KG6,58,4.1
KG29,KG6,61,4.3
KG30,KG6,63,4.4
KG31,KG6,66,4.5
KG33,KG6,68,4.8
KG34,KG6,70,4.9
KG35,KG6,73,5.0
KJ1,KG7,56,6.0
KJ2,KG7,53,5.7
KJ3,KG7,49,5.8
KJ4,KG7,47,5.6
KJ5,KG7,41,5.5
KJ6,KG7,39,5.3
KJ7,KG7,38,5.1
KJ8,KG7,37,5.0
KJ9,KG7,35,4.7
KJ10,KG7,34,4.5
KJ11,KG7,32,4.4
KJ12,KG7,30,4.1
KJ13,KG7,28,3.8
KJ14,KG7,27,3.5
KJ15,KG7,30,3.9
KJ16,KG7,32,4.2
KJ17,KG7,35,4.5
KJ18,KG7,36,4.6
KJ19,KG7,38,4.7
KJ20,KG7,42,5.3
KJ21,KG7,44,5.4
KJ22,KG7,47,5.4
KJ23,KG7,50,5.6
KJ24,KG7,52,5.8
KJ25,KG7,55,5.7
KJ26,KG7,57,5.8
KJ27,KG7,60,6.0
KJ28,KG7,61,6.3
KJ29,KG7,65,5.9
KJ30,KG7,67,6.0
KJ31,KG7,70,6.2
KJ32,KG7,71,6.3
KJ33,KG7,74,5.8
KJ34,KG7,76,5.9
KJ35,KG7,79,6.0
KJ36,KG7,82,6.2
KJ37,KG7,86,6.3
KG4,KG7,19,2.6
KG5,KG7,12,2.3
KG5A,KG7,7,1.8
KG6,KG7,5,1.6
KG7,KG7,0,0.0
KG8,KG7,4,1.3
KG9,KG7,7,1.8
KG10,KG7,9,2.0
KG12,KG7,12,2.4
KG12A,KG7,15,2.8
KG13,KG7,18,3.0
KG14,KG7,25,3.2
KG15,KG7,28,3.3
KG16,KG7,31,3.5
KG17,KG7,34,3.6
KG18A,KG7,36,3.2
KG20,KG7,37,3.4
KG21,KG7,39,3.6
KG22,KG7,41,3.7
KG23,KG7,43,3.2
KG24,KG7,46,3.2
KG25,KG7,49,3.4
KG26,KG7,50,3.5
KG27,KG7,54,3.7
KG28,KG7,56,3.9
KG29,KG7,58,4.0
KG30,KG7,61,4.1
KG31,KG7,63,4.3
KG33,KG7,66,4.6
KG34,KG7,68,4.6
KG35,KG7,70,4.8
KJ1,KG8,53,5.7
KJ2,KG8,50,5.5
KJ3,KG8,46,5.6
KJ4,KG8,44,5.4
KJ5,KG8,38,5.2
KJ6,KG8,36,5.0
KJ7,KG8,35,4.9
KJ8,KG8,34,4.7
KJ9,KG8,32,4.5
KJ10,KG8,31,4.3
KJ11,KG8,29,4.1
KJ12,KG8,27,3.9
KJ13,KG8,25,3.6
KJ14,KG8,24,3.3
KJ15,KG8,27,3.7
KJ16,KG8,29,3.9
KJ17,KG8,32,4.3
KJ18,KG8,33,4.3
KJ19,KG8,35,4.5
KJ20,KG8,39,5.0
KJ21,KG8,41,5.2
KJ22,KG8,44,5.1
KJ23,KG8,47,5.4
KJ24,KG8,49,5.6
KJ25,KG8,52,5.4
KJ26,KG8,54,5.5
KJ27,KG8,57,5.8
KJ28,KG8,58,6.0
KJ29,KG8,62,5.6
KJ30,KG8,64,5.7
KJ31,KG8,67,6.0
KJ32,KG8,68,6.1
KJ33,KG8,71,5.5
KJ34,KG8,73,5.6
KJ35,KG8,76,5.8
KJ36,KG8,79,5.9
KJ37,KG8,83,6.1
KG4,KG8,21,2.7
KG5,KG8,14,2.7
KG5A,KG8,9,2.1
KG6,KG8,7,1.9
KG7,KG8,3,1.3
KG8,KG8,0,0.0
KG9,KG8,4,1.3
KG10,KG8,6,1.7
KG12,KG8,9,2.0
KG12A,KG8,12,2.4
KG13,KG8,15,2.7
KG14,KG8,18,2.9
KG15,KG8,25,3.1
KG16,KG8,28,3.3
KG17,KG8,31,3.4
KG18A,KG8,34,3.6
KG20,KG8,36,3.8
KG21,KG8,37,3.4
KG22,KG8,39,3.5
KG23,KG8,41,3.7
KG24,KG8,43,3.8
KG25,KG8,46,3.2
KG26,KG8,49,3.4
KG27,KG8,50,3.6
KG28,KG8,54,3.7
KG29,KG8,56,3.9
KG30,KG8,58,4.0
KG31,KG8,61,4.1
KG33,KG8,63,4.4
KG34,KG8,66,4.5
KG35,KG8,68,4.6
KJ1,KG9,50,5.9
KJ2,KG9,47,5.6
KJ3,KG9,43,5.7
KJ4,KG9,41,5.5
KJ5,KG9,35,5.3
KJ6,KG9,33,5.1
KJ7,KG9,32,5.0
KJ8,KG9,31,4.8
KJ9,KG9,29,4.6
KJ10,KG9,28,4.4
KJ11,KG9,26,4.2
KJ12,KG9,24,4.0
KJ13,KG9,22,3.7
KJ14,KG9,21,3.4
KJ15,KG9,24,3.8
KJ16,KG9,26,4.0
KJ17,KG9,29,4.4
KJ18,KG9,30,4.4
KJ19,KG9,32,4.6
KJ20,KG9,36,5.1
KJ21,KG9,38,5.3
KJ22,KG9,41,5.3
KJ23,KG9,44,5.5
KJ24,KG9,46,5.7
KJ25,KG9,49,5.5
KJ26,KG9,51,5.6
KJ27,KG9,54,5.9
KJ28,KG9,55,6.1
KJ29,KG9,59,5.7
KJ30,KG9,61,5.8
KJ31,KG9,64,6.1
KJ32,KG9,65,6.2
KJ33,KG9,68,5.6
KJ34,KG9,70,5.7
KJ35,KG9,73,5.9
KJ36,KG9,76,6.0
KJ37,KG9,80,6.2
KG4,KG9,23,3.1
KG5,KG9,16,2.8
KG5A,KG9,11,2.6
KG6,KG9,9,2.3
KG7,KG9,5,1.8
KG8,KG9,3,1.3
KG9,KG9,0,0.0
KG10,KG9,3,1.3
KG12,KG9,6,1.7
KG12A,KG9,9,2.0
KG13,KG9,12,2.6
KG14,KG9,15,2.8
KG15,KG9,18,3.2
KG16,KG9,25,3.4
KG17,KG9,28,3.1
KG18A,KG9,31,3.3
KG20,KG9,34,3.5
KG21,KG9,36,3.7
KG22,KG9,37,3.2
KG23,KG9,39,3.5
KG24,KG9,41,3.6
KG25,KG9,43,3.8
KG26,KG9,46,3.2
KG27,KG9,49,3.4
KG28,KG9,50,3.6
KG29,KG9,54,3.7
KG30,KG9,56,3.8
KG31,KG9,58,3.9
KG33,KG9,61,4.2
KG34,KG9,63,4.3
KG35,KG9,66,4.4
KJ1,KG10,48,5.6
KJ2,KG10,45,5.3
KJ3,KG10,41,5.4
KJ4,KG10,39,5.2
KJ5,KG10,33,5.1
KJ6,KG10,31,4.8
KJ7,KG10,30,4.7
KJ8,KG10,29,4.5
KJ9,KG10,27,4.3
KJ10,KG10,26,4.1
KJ11,KG10,24,4.0
KJ12,KG10,22,3.7
KJ13,KG10,20,3.4
KJ14,KG10,19,3.1
KJ15,KG10,22,3.5
KJ16,KG10,24,3.7
KJ17,KG10,27,4.1
KJ18,KG10,28,4.1
KJ19,KG10,30,4.3
KJ20,KG10,34,4.8
KJ21,KG10,36,5.0
KJ22,KG10,39,5.0
KJ23,KG10,42,5.2
KJ24,KG10,44,5.4
KJ25,KG10,47,5.2
KJ26,KG10,49,5.4
KJ27,KG10,52,5.6
KJ28,KG10,53,5.8
KJ29,KG10,57,5.4
KJ30,KG10,59,5.6
KJ31,KG10,62,5.8
KJ32,KG10,63,5.9
KJ33,KG10,66,5.3
KJ34,KG10,68,5.4
KJ35,KG10,71,5.6
KJ36,KG10,74,5.7
KJ37,KG10,78,5.9
KG4,KG10,25,3.3
KG5,KG10,18,3.1
KG5A,KG10,13,2.6
KG6,KG10,11,2.6
KG7,KG10,7,2.0
KG8,KG10,5,1.7
KG9,KG10,3,1.3
KG10,KG10,0,0.0
KG12,KG10,4,1.3
KG12A,KG10,7,1.7
KG13,KG10,9,2.2
KG14,KG10,12,2.5
KG15,KG10,15,2.9
KG16,KG10,18,3.1
KG17,KG10,25,3.2
KG18A,KG10,28,3.4
KG20,KG10,31,3.2
KG21,KG10,34,3.4
KG22,KG10,36,3.6
KG23,KG10,37,3.3
KG24,KG10,39,3.4
KG25,KG10,41,3.6
KG26,KG10,43,3.8
KG27,KG10,46,3.3
KG28,KG10,49,3.4
KG29,KG10,50,3.6
KG30,KG10,54,3.6
KG31,KG10,56,3.8
KG33,KG10,58,4.1
KG34,KG10,61,4.2
KG35,KG10,63,4.3
KJ1,KG12,45,5.2
KJ2,KG12,42,5.0
KJ3,KG12,38,5.1
KJ4,KG12,36,4.9
KJ5,KG12,30,4.7
KJ6,KG12,28,4.5
KJ7,KG12,27,4.4
KJ8,KG12,26,4.2
KJ9,KG12,24,4.0
KJ10,KG12,23,3.8
KJ11,KG12,21,3.6
KJ12,KG12,19,3.4
KJ13,KG12,17,3.1
KJ14,KG12,16,2.8
KJ15,KG12,19,3.1
KJ16,KG12,21,3.4
KJ17,KG12,24,3.7
KJ18,KG12,25,3.8
KJ19,KG12,27,4.0
KJ20,KG12,31,4.5
KJ21,KG12,33,4.7
KJ22,KG12,36,4.6
KJ23,KG12,39,4.9
KJ24,KG12,41,5.1
KJ25,KG12,44,4.9
KJ26,KG12,46,5.0
KJ27,KG12,49,5.2
KJ28,KG12,50,5.5
KJ29,KG12,54,5.1
KJ30,KG12,56,5.2
KJ31,KG12,59,5.5
KJ32,KG12,60,5.6
KJ33,KG12,63,5.0
KJ34,KG12,65,5.1
KJ35,KG12,68,5.3
KJ36,KG12,71,5.4
KJ37,KG12,75,5.6
KG4,KG12,28,3.2
KG5,KG12,21,3.4
KG5A,KG12,16,3.0
KG6,KG12,14,2.8
KG7,KG12,10,2.4
KG8,KG12,8,2.0
KG9,KG12,6,1.7
KG10,KG12,4,1.3
KG12,KG12,0,0.0
KG12A,KG12,4,1.2
KG13,KG12,7,1.8
KG14,KG12,9,2.1
KG15,KG12,12,2.8
KG16,KG12,15,2.8
KG17,KG12,18,2.9
KG18A,KG12,25,3.1
KG20,KG12,28,3.4
KG21,KG12,31,3.1
KG22,KG12,34,3.3
KG23,KG12,36,3.6
KG24,KG12,37,3.7
KG25,KG12,39,3.4
KG26,KG12,41,3.6
KG27,KG12,43,3.8
KG28,KG12,46,3.2
KG29,KG12,49,3.4
KG30,KG12,50,3.5
KG31,KG12,54,3.6
KG33,KG12,56,3.9
KG34,KG12,58,4.0
KG35,KG12,61,4.1
KJ1,KG12A,42,5.3
KJ2,KG12A,39,5.0
KJ3,KG12A,35,5.1
KJ4,KG12A,33,4.9
KJ5,KG12A,27,4.8
KJ6,KG12A,25,4.6
KJ7,KG12A,24,4.4
KJ8,KG12A,23,4.3
KJ9,KG12A,21,4.0
KJ10,KG12A,20,3.8
KJ11,KG12A,18,3.7
KJ12,KG12A,16,3.4
KJ13,KG12A,14,3.1
KJ14,KG12A,13,2.7
KJ15,KG12A,16,3.2
KJ16,KG12A,18,3.5
KJ17,KG12A,21,3.8
KJ18,KG12A,22,3.9
KJ19,KG12A,24,4.0
KJ20,KG12A,28,4.6
KJ21,KG12A,30,4.7
KJ22,KG12A,33,4.7
KJ23,KG12A,36,4.9
KJ24,KG12A,38,5.1
KJ25,KG12A,41,5.0
KJ26,KG12A,43,5.1
KJ27,KG12A,46,5.3
KJ28,KG12A,47,5.5
KJ29,KG12A,51,5.2
KJ30,KG12A,53,5.3
KJ31,KG12A,56,5.5
KJ32,KG12A,57,5.6
KJ33,KG12A,60,5.1
KJ34,KG12A,62,5.2
KJ35,KG12A,65,5.3
KJ36,KG12A,68,5.5
KJ37,KG12A,72,5.6
KG4,KG12A,31,3.5
KG5,KG12A,24,3.3
KG5A,KG12A,19,3.2
KG6,KG12A,17,3.0
KG7,KG12A,13,2.8
KG8,KG12A,11,2.4
KG9,KG12A,9,2.0
KG10,KG12A,7,1.7
KG12,KG12A,4,1.2
KG12A,KG12A,0,0.0
KG13,KG12A,4,1.6
KG14,KG12A,7,1.8
KG15,KG12A,9,2.5
KG16,KG12A,12,2.7
KG17,KG12A,15,2.6
KG18A,KG12A,18,2.8
KG20,KG12A,25,3.1
KG21,KG12A,28,3.3
KG22,KG12A,31,3.1
KG23,KG12A,34,3.3
KG24,KG12A,36,3.5
KG25,KG12A,37,3.7
KG26,KG12A,39,3.4
KG27,KG12A,41,3.6
KG28,KG12A,43,3.8
KG29,KG12A,46,3.2
KG30,KG12A,49,3.3
KG31,KG12A,50,3.5
KG33,KG12A,54,3.8
KG34,KG12A,56,3.9
KG35,KG12A,58,4.0
KJ1,KG13,38,4.6
KJ2,KG13,35,4.2
KJ3,KG13,31,4.2
KJ4,KG13,29,4.0
KJ5,KG13,23,3.9
KJ6,KG13,21,3.7
KJ7,KG13,20,3.6
KJ8,KG13,19,3.4
KJ9,KG13,17,3.2
KJ10,KG13,16,3.0
KJ11,KG13,14,2.7
KJ12,KG13,12,2.4
KJ13,KG13,10,2.1
KJ14,KG13,9,2.1
KJ15,KG13,12,2.5
KJ16,KG13,14,2.7
KJ17,KG13,17,3.2
KJ18,KG13,18,3.2
KJ19,KG13,20,3.4
KJ20,KG13,24,3.9
KJ21,KG13,26,4.1
KJ22,KG13,29,4.1
KJ23,KG13,32,4.3
KJ24,KG13,34,4.5
KJ25,KG13,37,4.3
KJ26,KG13,39,4.4
KJ27,KG13,42,4.7
KJ28,KG13,43,4.9
KJ29,KG13,47,4.5
KJ30,KG13,49,4.6
KJ31,KG13,52,4.9
KJ32,KG13,53,5.0
KJ33,KG13,56,4.4
KJ34,KG13,58,4.5
KJ35,KG13,61,4.7
KJ36,KG13,64,4.8
KJ37,KG13,68,5.0
KG4,KG13,34,3.3
KG5,KG13,27,3.7
KG5A,KG13,22,3.3
KG6,KG13,20,3.1
KG7,KG13,16,3.0
KG8,KG13,14,2.7
KG9,KG13,12,2.6
KG10,KG13,10,2.2
KG12,KG13,7,1.8
KG12A,KG13,4,1.6
KG13,KG13,0,0.0
KG14,KG13,4,1.1
KG15,KG13,7,1.8
KG16,KG13,9,2.1
KG17,KG13,12,2.2
KG18A,KG13,15,2.5
KG20,KG13,18,2.8
KG21,KG13,25,2.8
KG22,KG13,28,3.0
KG23,KG13,31,3.3
KG24,KG13,34,3.5
KG25,KG13,36,3.3
KG26,KG13,37,3.5
KG27,KG13,39,3.3
KG28,KG13,41,3.5
KG29,KG13,43,3.7
KG30,KG13,46,3.8
KG31,KG13,49,3.2
KG33,KG13,50,3.5
KG34,KG13,54,3.6
KG35,KG13,56,3.7
KJ1,KG14,36,4.4
KJ2,KG14,33,4.2
KJ3,KG14,29,4.2
KJ4,KG14,27,4.0
KJ5,KG14,21,3.9
KJ6,KG14,19,3.7
KJ7,KG14,18,3.6
KJ8,KG14,17,3.4
KJ9,KG14,15,3.2
KJ10,KG14,14,3.0
KJ11,KG14,12,2.7
KJ12,KG14,10,2.4
KJ13,KG14,8,2.1
KJ14,KG14,7,1.9
KJ15,KG14,10,2.2
KJ16,KG14,12,2.5
KJ17,KG14,15,2.8
KJ18,KG14,16,3.0
KJ19,KG14,18,3.2
KJ20,KG14,22,3.7
KJ21,KG14,24,3.9
KJ22,KG14,27,3.8
KJ23,KG14,30,4.1
KJ24,KG14,32,4.2
KJ25,KG14,35,4.1
KJ26,KG14,37,4.2
KJ27,KG14,40,4.4
KJ28,KG14,41,4.7
KJ29,KG14,45,4.3
KJ30,KG14,47,4.4
KJ31,KG14,50,4.7
KJ32,KG14,51,4.8
KJ33,KG14,54,4.2
KJ34,KG14,56,4.3
KJ35,KG14,59,4.5
KJ36,KG14,62,4.6
KJ37,KG14,66,4.7
KG4,KG14,36,3.4
KG5,KG14,29,3.3
KG5A,KG14,24,3.5
KG6,KG14,22,3.3
KG7,KG14,18,3.2
KG8,KG14,16,2.9
KG9,KG14,14,2.8
KG10,KG14,12,2.5
KG12,KG14,9,2.1
KG12A,KG14,7,1.8
KG13,KG14,4,1.1
KG14,KG14,0,0.0
KG15,KG14,4,1.7
KG16,KG14,7,1.9
KG17,KG14,9,2.0
KG18A,KG14,12,2.3
KG20,KG14,15,2.6
KG21,KG14,18,2.6
KG22,KG14,25,2.8
KG23,KG14,28,3.1
KG24,KG14,31,3.3
KG25,KG14,34,3.1
KG26,KG14,36,3.4
KG27,KG14,37,3.7
KG28,KG14,39,3.3
KG29,KG14,41,3.5
KG30,KG14,43,3.6
KG31,KG14,46,3.1
KG33,KG14,49,3.4
KG34,KG14,50,3.5
KG35,KG14,54,3.6
KJ1,KG15,32,3.7
KJ2,KG15,29,3.5
KJ3,KG15,25,3.6
KJ4,KG15,23,3.4
KJ5,KG15,17,3.2
KJ6,KG15,15,3.0
KJ7,KG15,14,2.8
KJ8,KG15,13,2.6
KJ9,KG15,11,2.4
KJ10,KG15,10,2.2
KJ11,KG15,8,2.0
KJ12,KG15,6,1.8
KJ13,KG15,4,1.4
KJ14,KG15,3,1.2
KJ15,KG15,6,1.5
KJ16,KG15,8,1.8
KJ17,KG15,11,2.1
KJ18,KG15,12,2.2
KJ19,KG15,14,2.4
KJ20,KG15,18,3.0
KJ21,KG15,20,3.2
KJ22,KG15,23,3.1
KJ23,KG15,26,3.4
KJ24,KG15,28,3.6
KJ25,KG15,31,3.4
KJ26,KG15,33,3.5
KJ27,KG15,36,3.7
KJ28,KG15,37,4.0
KJ29,KG15,41,3.6
KJ30,KG15,43,3.7
KJ31,KG15,46,4.0
KJ32,KG15,47,4.1
KJ33,KG15,50,3.5
KJ34,KG15,52,3.6
KJ35,KG15,55,3.8
KJ36,KG15,58,3.9
KJ37,KG15,62,4.1
KG4,KG15,37,3.1
KG5,KG15,34,3.7
KG5A,KG15,29,3.4
KG6,KG15,27,3.8
KG7,KG15,23,3.3
KG8,KG15,21,3.1
KG9,KG15,19,3.2
KG10,KG15,17,2.9
KG12,KG15,11,2.8
KG12A,KG15,10,2.5
KG13,KG15,7,1.8
KG14,KG15,4,1.7
KG15,KG15,0,0.0
KG16,KG15,4,1.2
KG17,KG15,7,1.3
KG18A,KG15,9,1.6
KG20,KG15,12,1.9
KG21,KG15,15,2.1
KG22,KG15,18,2.3
KG23,KG15,25,2.7
KG24,KG15,28,2.7
KG25,KG15,31,3.0
KG26,KG15,34,3.3
KG27,KG15,36,3.2
KG28,KG15,37,3.4
KG29,KG15,39,3.7
KG30,KG15,41,3.2
KG31,KG15,43,3.5
KG33,KG15,46,3.1
KG34,KG15,49,3.2
KG35,KG15,50,3.3
KJ1,KG16,30,3.4
KJ2,KG16,27,3.2
KJ3,KG16,23,3.2
KJ4,KG16,21,3.0
KJ5,KG16,15,2.8
KJ6,KG16,13,2.6
KJ7,KG16,12,2.5
KJ8,KG16,11,2.3
KJ9,KG16,9,2.0
KJ10,KG16,8,1.9
KJ11,KG16,6,1.7
KJ12,KG16,4,1.4
KJ13,KG16,2,1.1
KJ14,KG16,1,0.8
KJ15,KG16,4,1.2
KJ16,KG16,6,1.5
KJ17,KG16,9,1.8
KJ18,KG16,10,1.9
KJ19,KG16,12,2.1
KJ20,KG16,16,2.6
KJ21,KG16,18,2.8
KJ22,KG16,21,2.8
KJ23,KG16,24,3.1
KJ24,KG16,26,3.2
KJ25,KG16,29,3.1
KJ26,KG16,31,3.2
KJ27,KG16,34,3.4
KJ28,KG16,35,3.7
KJ29,KG16,39,3.3
KJ30,KG16,41,3.4
KJ31,KG16,44,3.7
KJ32,KG16,45,3.8
KJ33,KG16,48,3.2
KJ34,KG16,50,3.3
KJ35,KG16,53,3.5
KJ36,KG16,56,3.6
KJ37,KG16,60,3.7
KG4,KG16,39,3.2
KG5,KG16,36,3.8
KG5A,KG16,31,3.5
KG6,KG16,29,3.4
KG7,KG16,25,3.5
KG8,KG16,23,3.3
KG9,KG16,21,3.4
KG10,KG16,19,3.1
KG12,KG16,15,2.8
KG12A,KG16,11,2.7
KG13,KG16,10,2.1
KG14,KG16,7,1.9
KG15,KG16,4,1.2
KG16,KG16,0,0.0
KG17,KG16,4,1.0
KG18A,KG16,7,1.3
KG20,KG16,9,1.7
KG21,KG16,12,1.8
KG22,KG16,15,2.1
KG23,KG16,18,2.5
KG24,KG16,25,2.7
KG25,KG16,28,2.8
KG26,KG16,31,3.0
KG27,KG16,34,3.5
KG28,KG16,36,3.3
KG29,KG16,37,3.5
KG30,KG16,39,3.6
KG31,KG16,41,3.3
KG33,KG16,43,3.7
KG34,KG16,46,3.8
KG35,KG16,49,3.2
KJ1,KG17,31,3.5
KJ2,KG17,28,3.6
KJ3,KG17,24,3.3
KJ4,KG17,22,3.1
KJ5,KG17,16,2.8
KJ6,KG17,14,2.6
KJ7,KG17,13,2.5
KJ8,KG17,12,2.3
KJ9,KG17,10,2.0
KJ10,KG17,9,1.9
KJ11,KG17,7,1.7
KJ12,KG17,5,1.4
KJ13,KG17,3,1.1
KJ14,KG17,2,1.0
KJ15,KG17,5,1.4
KJ16,KG17,7,1.7
KJ17,KG17,10,2.0
KJ18,KG17,11,2.0
KJ19,KG17,13,2.2
KJ20,KG17,17,2.8
KJ21,KG17,19,3.0
KJ22,KG17,22,3.0
KJ23,KG17,25,3.7
KJ24,KG17,27,3.4
KJ25,KG17,30,3.3
KJ26,KG17,32,3.4
KJ27,KG17,35,3.6
KJ28,KG17,36,3.8
KJ29,KG17,40,3.5
KJ30,KG17,42,3.6
KJ31,KG17,45,3.7
KJ32,KG17,46,3.9
KJ33,KG17,49,3.4
KJ34,KG17,51,3.5
KJ35,KG17,54,3.6
KJ36,KG17,57,3.8
KJ37,KG17,61,3.8
KG4,KG17,41,3.3
KG5,KG17,38,3.2
KG5A,KG17,33,3.6
KG6,KG17,31,3.4
KG7,KG17,27,3.6
KG8,KG17,25,3.4
KG9,KG17,23,3.1
KG10,KG17,21,3.2
KG12,KG17,19,2.9
KG12A,KG17,11,2.6
KG13,KG17,11,2.2
KG14,KG17,10,2.0
KG15,KG17,7,1.3
KG16,KG17,4,1.0
KG17,KG17,0,0.0
KG18A,KG17,4,1.1
KG20,KG17,7,1.5
KG21,KG17,9,1.8
KG22,KG17,12,1.9
KG23,KG17,15,2.3
KG24,KG17,18,2.5
KG25,KG17,25,2.6
KG26,KG17,28,2.9
KG27,KG17,31,3.3
KG28,KG17,34,3.2
KG29,KG17,36,3.4
KG30,KG17,37,3.5
KG31,KG17,39,3.8
KG33,KG17,41,3.6
KG34,KG17,43,3.7
KG35,KG17,46,3.2
KJ1,KG18A,34,3.8
KJ2,KG18A,31,3.9
KJ3,KG18A,27,3.6
KJ4,KG18A,25,3.4
KJ5,KG18A,19,3.2
KJ6,KG18A,17,2.9
KJ7,KG18A,16,2.8
KJ8,KG18A,15,2.6
KJ9,KG18A,13,2.3
KJ10,KG18A,12,2.2
KJ11,KG18A,10,2.0
KJ12,KG18A,8,1.7
KJ13,KG18A,6,1.4
KJ14,KG18A,5,1.3
KJ15,KG18A,8,1.7
KJ16,KG18A,10,2.0
KJ17,KG18A,13,2.3
KJ18,KG18A,14,2.3
KJ19,KG18A,16,2.5
KJ20,KG18A,20,3.1
KJ21,KG18A,22,3.3
KJ22,KG18A,25,3.3
KJ23,KG18A,28,3.5
KJ24,KG18A,30,3.7
KJ25,KG18A,33,3.5
KJ26,KG18A,35,3.7
KJ27,KG18A,38,3.9
KJ28,KG18A,39,4.1
KJ29,KG18A,43,3.8
KJ30,KG18A,45,3.9
KJ31,KG18A,48,4.1
KJ32,KG18A,49,4.2
KJ33,KG18A,52,3.7
KJ34,KG18A,54,3.8
KJ35,KG18A,57,3.9
KJ36,KG18A,60,4.1
KJ37,KG18A,64,4.1
KG4,KG18A,43,3.4
KG5,KG18A,40,3.3
KG5A,KG18A,35,3.7
KG6,KG18A,33,3.6
KG7,KG18A,30,3.2
KG8,KG18A,28,3.6
KG9,KG18A,25,3.3
KG10,KG18A,24,3.4
KG12,KG18A,21,3.1
KG12A,KG18A,16,2.8
KG13,KG18A,11,2.5
KG14,KG18A,11,2.3
KG15,KG18A,10,1.6
KG16,KG18A,7,1.3
KG17,KG18A,4,1.1
KG18A,KG18A,0,0.0
KG20,KG18A,4,1.2
KG21,KG18A,7,1.5
KG22,KG18A,9,1.8
KG23,KG18A,12,2.1
KG24,KG18A,15,2.3
KG25,KG18A,18,2.6
KG26,KG18A,25,2.7
KG27,KG18A,28,3.1
KG28,KG18A,31,3.4
KG29,KG18A,34,3.2
KG30,KG18A,36,3.3
KG31,KG18A,37,3.6
KG33,KG18A,39,3.5
KG34,KG18A,41,3.6
KG35,KG18A,43,3.8
KJ1,KG20,36,4.1
KJ2,KG20,33,4.3
KJ3,KG20,29,3.9
KJ4,KG20,27,3.7
KJ5,KG20,21,3.6
KJ6,KG20,19,3.4
KJ7,KG20,18,3.2
KJ8,KG20,17,2.9
KJ9,KG20,15,2.7
KJ10,KG20,14,2.6
KJ11,KG20,12,2.3
KJ12,KG20,10,2.1
KJ13,KG20,8,1.8
KJ14,KG20,7,1.7
KJ15,KG20,10,2.1
KJ16,KG20,12,2.3
KJ17,KG20,15,2.7
KJ18,KG20,16,2.7
KJ19,KG20,18,2.9
KJ20,KG20,22,3.5
KJ21,KG20,24,3.7
KJ22,KG20,27,3.7
KJ23,KG20,30,3.9
KJ24,KG20,32,4.1
KJ25,KG20,35,3.9
KJ26,KG20,37,4.0
KJ27,KG20,40,4.3
KJ28,KG20,41,4.5
KJ29,KG20,45,4.1
KJ30,KG20,47,4.2
KJ31,KG20,50,4.5
KJ32,KG20,51,4.6
KJ33,KG20,54,4.0
KJ34,KG20,56,4.1
KJ35,KG20,59,4.3
KJ36,KG20,62,4.4
KJ37,KG20,66,4.1
KG4,KG20,46,3.5
KG5,KG20,43,3.4
KG5A,KG20,38,3.2
KG6,KG20,36,3.8
KG7,KG20,32,3.4
KG8,KG20,30,3.8
KG9,KG20,28,3.5
KG10,KG20,26,3.2
KG12,KG20,23,3.4
KG12A,KG20,21,3.1
KG13,KG20,16,2.8
KG14,KG20,11,2.6
KG15,KG20,11,1.9
KG16,KG20,10,1.7
KG17,KG20,7,1.5
KG18A,KG20,4,1.2
KG20,KG20,0,0.0
KG21,KG20,4,1.1
KG22,KG20,7,1.4
KG23,KG20,9,1.8
KG24,KG20,12,1.9
KG25,KG20,15,2.3
KG26,KG20,18,2.7
KG27,KG20,25,2.9
KG28,KG20,28,3.1
KG29,KG20,31,3.4
KG30,KG20,34,3.1
KG31,KG20,36,3.4
KG33,KG20,37,3.3
KG34,KG20,39,3.4
KG35,KG20,41,3.6
KJ1,KG21,39,4.4
KJ2,KG21,36,4.6
KJ3,KG21,32,4.2
KJ4,KG21,30,4.0
KJ5,KG21,24,3.9
KJ6,KG21,22,3.6
KJ7,KG21,21,3.5
KJ8,KG21,20,3.3
KJ9,KG21,18,3.1
KJ10,KG21,17,2.9
KJ11,KG21,15,2.6
KJ12,KG21,13,2.4
KJ13,KG21,11,2.0
KJ14,KG21,10,1.8
KJ15,KG21,13,2.2
KJ16,KG21,15,2.5
KJ17,KG21,18,2.8
KJ18,KG21,19,3.0
KJ19,KG21,21,3.2
KJ20,KG21,25,3.7
KJ21,KG21,27,3.9
KJ22,KG21,30,3.8
KJ23,KG21,33,4.1
KJ24,KG21,35,4.2
KJ25,KG21,38,4.1
KJ26,KG21,40,4.2
KJ27,KG21,43,4.4
KJ28,KG21,44,4.7
KJ29,KG21,48,4.3
KJ30,KG21,50,4.4
KJ31,KG21,53,4.7
KJ32,KG21,54,4.8
KJ33,KG21,57,4.2
KJ34,KG21,59,4.3
KJ35,KG21,62,4.5
KJ36,KG21,65,4.6
KJ37,KG21,69,3.8
KG4,KG21,49,3.6
KG5,KG21,46,3.5
KG5A,KG21,41,3.3
KG6,KG21,39,3.2
KG7,KG21,35,3.6
KG8,KG21,33,3.4
KG9,KG21,31,3.7
KG10,KG21,29,3.4
KG12,KG21,25,3.1
KG12A,KG21,23,3.3
KG13,KG21,21,2.8
KG14,KG21,16,2.6
KG15,KG21,11,2.1
KG16,KG21,11,1.8
KG17,KG21,10,1.8
KG18A,KG21,7,1.5
KG20,KG21,4,1.1
KG21,KG21,0,0.0
KG22,KG21,4,1.1
KG23,KG21,7,1.5
KG24,KG21,9,1.8
KG25,KG21,12,2.1
KG26,KG21,15,2.4
KG27,KG21,18,2.6
KG28,KG21,25,2.9
KG29,KG21,28,3.2
KG30,KG21,31,3.3
KG31,KG21,34,3.2
KG33,KG21,36,3.7
KG34,KG21,37,3.3
KG35,KG21,39,3.4
KJ1,KG22,40,4.4
KJ2,KG22,37,4.6
KJ3,KG22,33,4.2
KJ4,KG22,31,4.0
KJ5,KG22,25,3.9
KJ6,KG22,23,3.7
KJ7,KG22,22,3.5
KJ8,KG22,21,3.3
KJ9,KG22,19,3.1
KJ10,KG22,18,2.9
KJ11,KG22,16,2.6
KJ12,KG22,14,2.4
KJ13,KG22,12,2.1
KJ14,KG22,11,2.1
KJ15,KG22,14,2.4
KJ16,KG22,16,2.7
KJ17,KG22,19,3.2
KJ18,KG22,20,3.2
KJ19,KG22,22,3.4
KJ20,KG22,26,3.9
KJ21,KG22,28,4.1
KJ22,KG22,31,4.0
KJ23,KG22,34,4.3
KJ24,KG22,36,4.5
KJ25,KG22,39,4.3
KJ26,KG22,41,4.4
KJ27,KG22,44,4.6
KJ28,KG22,45,4.9
KJ29,KG22,49,4.5
KJ30,KG22,51,4.6
KJ31,KG22,54,4.9
KJ32,KG22,55,5.0
KJ33,KG22,58,4.4
KJ34,KG22,60,4.5
KJ35,KG22,63,4.4
KJ36,KG22,66,4.0
KJ37,KG22,70,3.6
KG4,KG22,50,3.7
KG5,KG22,47,3.6
KG5A,KG22,44,3.4
KG6,KG22,40,3.3
KG7,KG22,36,3.7
KG8,KG22,34,3.5
KG9,KG22,32,3.2
KG10,KG22,30,3.6
KG12,KG22,28,3.3
KG12A,KG22,25,3.1
KG13,KG22,23,3.0
KG14,KG22,21,2.8
KG15,KG22,16,2.3
KG16,KG22,11,2.1
KG17,KG22,11,1.9
KG18A,KG22,10,1.8
KG20,KG22,7,1.4
KG21,KG22,4,1.1
KG22,KG22,0,0.0
KG23,KG22,4,1.3
KG24,KG22,7,1.5
KG25,KG22,9,1.8
KG26,KG22,12,2.2
KG27,KG22,15,2.7
KG28,KG22,18,2.7
KG29,KG22,25,3.0
KG30,KG22,28,3.2
KG31,KG22,31,3.1
KG33,KG22,34,3.6
KG34,KG22,36,3.7
KG35,KG22,37,3.3
KJ1,KG23,44,4.9
KJ2,KG23,41,5.1
KJ3,KG23,37,4.7
KJ4,KG23,35,4.5
KJ5,KG23,29,4.3
KJ6,KG23,27,4.1
KJ7,KG23,26,4.0
KJ8,KG23,25,3.8
KJ9,KG23,23,3.6
KJ10,KG23,22,3.5
KJ11,KG23,20,3.2
KJ12,KG23,18,2.8
KJ13,KG23,16,2.5
KJ14,KG23,15,2.5
KJ15,KG23,18,2.8
KJ16,KG23,20,3.2
KJ17,KG23,23,3.5
KJ18,KG23,24,3.6
KJ19,KG23,26,3.8
KJ20,KG23,30,4.3
KJ21,KG23,32,4.5
KJ22,KG23,35,4.4
KJ23,KG23,38,4.7
KJ24,KG23,40,4.9
KJ25,KG23,43,4.7
KJ26,KG23,45,4.8
KJ27,KG23,48,5.0
KJ28,KG23,49,5.3
KJ29,KG23,53,4.9
KJ30,KG23,55,5.0
KJ31,KG23,58,5.3
KJ32,KG23,59,5.4
KJ33,KG23,62,4.8
KJ34,KG23,64,4.9
KJ35,KG23,67,4.8
KJ36,KG23,70,4.5
KJ37,KG23,74,4.0
KG4,KG23,54,3.9
KG5,KG23,51,3.8
KG5A,KG23,46,3.5
KG6,KG23,44,3.4
KG7,KG23,40,3.2
KG8,KG23,38,3.7
KG9,KG23,36,3.5
KG10,KG23,34,3.3
KG12,KG23,30,3.6
KG12A,KG23,28,3.3
KG13,KG23,25,3.3
KG14,KG23,23,3.1
KG15,KG23,21,2.7
KG16,KG23,16,2.5
KG17,KG23,11,2.3
KG18A,KG23,11,2.1
KG20,KG23,10,1.8
KG21,KG23,7,1.5
KG22,KG23,4,1.3
KG23,KG23,0,0.0
KG24,KG23,4,1.1
KG25,KG23,7,1.5
KG26,KG23,9,1.8
KG27,KG23,12,2.3
KG28,KG23,15,2.6
KG29,KG23,18,2.7
KG30,KG23,25,2.8
KG31,KG23,28,3.2
KG33,KG23,31,3.3
KG34,KG23,34,3.4
KG35,KG23,36,3.6
KJ1,KG24,46,5.1
KJ2,KG24,43,5.3
KJ3,KG24,39,4.9
KJ4,KG24,37,4.7
KJ5,KG24,31,4.6
KJ6,KG24,29,4.3
KJ7,KG24,28,4.2
KJ8,KG24,27,4.0
KJ9,KG24,25,3.8
KJ10,KG24,24,3.7
KJ11,KG24,22,3.4
KJ12,KG24,20,3.2
KJ13,KG24,18,2.7
KJ14,KG24,17,2.7
KJ15,KG24,20,3.2
KJ16,KG24,22,3.4
KJ17,KG24,25,3.8
KJ18,KG24,26,3.8
KJ19,KG24,28,4.0
KJ20,KG24,32,4.5
KJ21,KG24,34,4.7
KJ22,KG24,37,4.6
KJ23,KG24,40,4.9
KJ24,KG24,42,5.1
KJ25,KG24,45,4.9
KJ26,KG24,47,5.0
KJ27,KG24,50,5.3
KJ28,KG24,51,5.5
KJ29,KG24,55,5.1
KJ30,KG24,57,5.2
KJ31,KG24,60,5.5
KJ32,KG24,61,5.6
KJ33,KG24,64,5.0
KJ34,KG24,66,5.1
KJ35,KG24,69,5.1
KJ36,KG24,72,4.7
KJ37,KG24,76,4.3
KG4,KG24,56,4.0
KG5,KG24,53,3.9
KG5A,KG24,48,3.6
KG6,KG24,46,3.5
KG7,KG24,42,3.2
KG8,KG24,40,3.8
KG9,KG24,38,3.6
KG10,KG24,36,3.4
KG12,KG24,33,3.7
KG12A,KG24,30,3.5
KG13,KG24,28,3.5
KG14,KG24,25,3.3
KG15,KG24,23,2.7
KG16,KG24,21,2.7
KG17,KG24,16,2.5
KG18A,KG24,11,2.3
KG20,KG24,11,1.9
KG21,KG24,10,1.8
KG22,KG24,7,1.5
KG23,KG24,4,1.1
KG24,KG24,0,0.0
KG25,KG24,4,1.3
KG26,KG24,7,1.7
KG27,KG24,9,2.1
KG28,KG24,12,2.4
KG29,KG24,15,2.8
KG30,KG24,18,2.7
KG31,KG24,25,3.0
KG33,KG24,28,3.1
KG34,KG24,31,3.3
KG35,KG24,34,3.5
KJ1,KG25,48,5.4
KJ2,KG25,45,5.6
KJ3,KG25,41,5.2
KJ4,KG25,39,5.0
KJ5,KG25,33,4.8
KJ6,KG25,31,4.6
KJ7,KG25,30,4.5
KJ8,KG25,29,4.3
KJ9,KG25,27,4.1
KJ10,KG25,26,4.0
KJ11,KG25,24,3.7
KJ12,KG25,22,3.5
KJ13,KG25,20,3.1
KJ14,KG25,19,2.8
KJ15,KG25,22,3.1
KJ16,KG25,24,3.4
KJ17,KG25,27,3.7
KJ18,KG25,28,3.8
KJ19,KG25,30,4.0
KJ20,KG25,34,4.5
KJ21,KG25,36,4.7
KJ22,KG25,39,4.6
KJ23,KG25,42,4.9
KJ24,KG25,44,5.0
KJ25,KG25,47,4.9
KJ26,KG25,49,5.0
KJ27,KG25,52,5.2
KJ28,KG25,53,5.5
KJ29,KG25,57,5.1
KJ30,KG25,59,5.2
KJ31,KG25,62,5.5
KJ32,KG25,63,5.6
KJ33,KG25,66,5.0
KJ34,KG25,68,5.1
KJ35,KG25,71,5.4
KJ36,KG25,74,5.0
KJ37,KG25,78,4.6
KG4,KG25,58,4.1
KG5,KG25,61,4.0
KG5A,KG25,50,3.8
KG6,KG25,48,3.7
KG7,KG25,44,3.4
KG8,KG25,42,3.2
KG9,KG25,40,3.8
KG10,KG25,38,3.6
KG12,KG25,35,3.4
KG12A,KG25,33,3.7
KG13,KG25,30,3.3
KG14,KG25,28,3.1
KG15,KG25,25,3.0
KG16,KG25,23,2.8
KG17,KG25,21,2.6
KG18A,KG25,16,2.6
KG20,KG25,11,2.3
KG21,KG25,11,2.1
KG22,KG25,10,1.8
KG23,KG25,7,1.5
KG24,KG25,4,1.3
KG25,KG25,0,0.0
KG26,KG25,4,1.2
KG27,KG25,7,1.8
KG28,KG25,9,2.0
KG29,KG25,12,2.4
KG30,KG25,15,2.6
KG31,KG25,18,2.7
KG33,KG25,25,3.3
KG34,KG25,28,3.4
KG35,KG25,31,3.2
KJ1,KG26,51,5.8
KJ2,KG26,48,5.9
KJ3,KG26,44,5.6
KJ4,KG26,42,5.4
KJ5,KG26,36,5.2
KJ6,KG26,34,5.0
KJ7,KG26,33,4.9
KJ8,KG26,32,4.7
KJ9,KG26,30,4.4
KJ10,KG26,29,4.3
KJ11,KG26,27,4.1
KJ12,KG26,25,3.8
KJ13,KG26,23,3.5
KJ14,KG26,22,3.0
KJ15,KG26,25,3.4
KJ16,KG26,27,3.7
KJ17,KG26,30,4.0
KJ18,KG26,31,4.1
KJ19,KG26,33,4.2
KJ20,KG26,37,4.8
KJ21,KG26,39,5.0
KJ22,KG26,42,4.9
KJ23,KG26,45,5.1
KJ24,KG26,47,5.3
KJ25,KG26,50,5.2
KJ26,KG26,52,5.3
KJ27,KG26,55,5.5
KJ28,KG26,56,5.8
KJ29,KG26,60,5.5
KJ30,KG26,62,5.5
KJ31,KG26,65,5.7
KJ32,KG26,66,5.8
KJ33,KG26,69,5.3
KJ34,KG26,71,5.4
KJ35,KG26,74,5.7
KJ36,KG26,77,5.3
KJ37,KG26,81,4.9
KG4,KG26,61,4.3
KG5,KG26,64,4.2
KG5A,KG26,53,3.9
KG6,KG26,51,3.8
KG7,KG26,47,3.5
KG8,KG26,45,3.4
KG9,KG26,43,3.2
KG10,KG26,41,3.8
KG12,KG26,38,3.6
KG12A,KG26,35,3.4
KG13,KG26,33,3.5
KG14,KG26,30,3.4
KG15,KG26,28,3.3
KG16,KG26,25,3.0
KG17,KG26,23,2.9
KG18A,KG26,21,2.7
KG20,KG26,16,2.7
KG21,KG26,11,2.4
KG22,KG26,11,2.2
KG23,KG26,10,1.8
KG24,KG26,7,1.7
KG25,KG26,4,1.2
KG26,KG26,0,0.0
KG27,KG26,4,1.4
KG28,KG26,7,1.8
KG29,KG26,9,2.0
KG30,KG26,12,2.2
KG31,KG26,15,2.6
KG33,KG26,18,3.0
KG34,KG26,25,3.1
KG35,KG26,28,3.4
KJ1,KG27,53,6.3
KJ2,KG27,50,6.4
KJ3,KG27,46,6.1
KJ4,KG27,44,5.9
KJ5,KG27,38,5.7
KJ6,KG27,36,5.5
KJ7,KG27,35,5.4
KJ8,KG27,34,5.2
KJ9,KG27,32,4.9
KJ10,KG27,31,4.8
KJ11,KG27,29,4.6
KJ12,KG27,27,4.3
KJ13,KG27,25,4.0
KJ14,KG27,24,3.5
KJ15,KG27,27,3.8
KJ16,KG27,29,4.1
KJ17,KG27,32,4.4
KJ18,KG27,33,4.5
KJ19,KG27,35,4.7
KJ20,KG27,39,5.2
KJ21,KG27,41,5.4
KJ22,KG27,44,5.3
KJ23,KG27,47,5.6
KJ24,KG27,49,5.7
KJ25,KG27,52,5.6
KJ26,KG27,54,5.7
KJ27,KG27,57,5.9
KJ28,KG27,58,6.2
KJ29,KG27,62,5.9
KJ30,KG27,64,5.9
KJ31,KG27,67,6.2
KJ32,KG27,68,6.3
KJ33,KG27,71,5.7
KJ34,KG27,73,5.8
KJ35,KG27,76,6.2
KJ36,KG27,79,5.8
KJ37,KG27,83,5.4
KG4,KG27,63,4.5
KG5,KG27,66,4.4
KG5A,KG27,55,4.1
KG6,KG27,53,4.0
KG7,KG27,49,3.7
KG8,KG27,47,3.6
KG9,KG27,45,3.4
KG10,KG27,43,3.3
KG12,KG27,40,3.8
KG12A,KG27,38,3.6
KG13,KG27,35,3.3
KG14,KG27,33,3.7
KG15,KG27,30,3.2
KG16,KG27,28,3.5
KG17,KG27,25,3.3
KG18A,KG27,23,3.1
KG20,KG27,21,2.9
KG21,KG27,16,2.6
KG22,KG27,11,2.7
KG23,KG27,11,2.3
KG24,KG27,10,2.1
KG25,KG27,7,1.8
KG26,KG27,4,1.4
KG27,KG27,0,0.0
KG28,KG27,4,1.2
KG29,KG27,7,1.6
KG30,KG27,9,1.8
KG31,KG27,12,2.1
KG33,KG27,15,2.6
KG34,KG27,18,2.7
KG35,KG27,25,3.0
KJ1,KG28,56,6.2
KJ2,KG28,53,6.4
KJ3,KG28,49,6.0
KJ4,KG28,47,5.8
KJ5,KG28,41,5.6
KJ6,KG28,39,5.4
KJ7,KG28,38,5.3
KJ8,KG28,37,5.1
KJ9,KG28,35,4.9
KJ10,KG28,34,4.8
KJ11,KG28,32,4.5
KJ12,KG28,30,4.2
KJ13,KG28,28,3.9
KJ14,KG28,27,3.3
KJ15,KG28,30,3.6
KJ16,KG28,32,3.9
KJ17,KG28,35,4.2
KJ18,KG28,36,4.3
KJ19,KG28,38,4.5
KJ20,KG28,42,5.0
KJ21,KG28,44,5.2
KJ22,KG28,47,5.1
KJ23,KG28,50,5.4
KJ24,KG28,52,5.5
KJ25,KG28,55,5.4
KJ26,KG28,57,5.5
KJ27,KG28,60,5.7
KJ28,KG28,61,6.0
KJ29,KG28,65,5.6
KJ30,KG28,67,5.7
KJ31,KG28,70,6.0
KJ32,KG28,71,6.1
KJ33,KG28,74,5.5
KJ34,KG28,76,5.6
KJ35,KG28,79,6.1
KJ36,KG28,82,5.8
KJ37,KG28,86,5.4
KG4,KG28,66,4.6
KG5,KG28,69,4.5
KG5A,KG28,58,4.3
KG6,KG28,56,4.1
KG7,KG28,52,3.9
KG8,KG28,50,3.7
KG9,KG28,48,3.6
KG10,KG28,46,3.4
KG12,KG28,43,3.2
KG12A,KG28,40,3.8
KG13,KG28,38,3.5
KG14,KG28,35,3.3
KG15,KG28,33,3.4
KG16,KG28,30,3.3
KG17,KG28,28,3.2
KG18A,KG28,25,3.4
KG20,KG28,23,3.1
KG21,KG28,21,2.9
KG22,KG28,16,2.7
KG23,KG28,11,2.6
KG24,KG28,11,2.4
KG25,KG28,10,2.0
KG26,KG28,7,1.8
KG27,KG28,4,1.2
KG28,KG28,0,0.0
KG29,KG28,4,1.3
KG30,KG28,7,1.5
KG31,KG28,9,1.8
KG33,KG28,12,2.5
KG34,KG28,15,2.7
KG35,KG28,18,2.7
KJ1,KG29,58,6.5
KJ2,KG29,55,6.7
KJ3,KG29,51,6.3
KJ4,KG29,49,6.1
KJ5,KG29,43,5.9
KJ6,KG29,41,5.7
KJ7,KG29,40,5.6
KJ8,KG29,39,5.4
KJ9,KG29,37,5.2
KJ10,KG29,36,5.1
KJ11,KG29,34,4.8
KJ12,KG29,32,4.5
KJ13,KG29,30,4.2
KJ14,KG29,29,3.5
KJ15,KG29,32,3.9
KJ16,KG29,34,4.2
KJ17,KG29,37,4.5
KJ18,KG29,38,4.5
KJ19,KG29,40,4.7
KJ20,KG29,44,5.2
KJ21,KG29,46,5.4
KJ22,KG29,49,5.4
KJ23,KG29,52,5.6
KJ24,KG29,54,5.8
KJ25,KG29,57,5.6
KJ26,KG29,59,5.8
KJ27,KG29,62,6.0
KJ28,KG29,63,6.2
KJ29,KG29,67,5.8
KJ30,KG29,69,6.0
KJ31,KG29,72,6.2
KJ32,KG29,73,6.3
KJ33,KG29,76,5.7
KJ34,KG29,78,5.8
KJ35,KG29,81,6.4
KJ36,KG29,84,6.1
KJ37,KG29,88,5.6
KG4,KG29,68,4.8
KG5,KG29,71,4.6
KG5A,KG29,60,4.4
KG6,KG29,58,4.3
KG7,KG29,54,4.0
KG8,KG29,52,3.9
KG9,KG29,50,3.7
KG10,KG29,48,3.6
KG12,KG29,46,3.4
KG12A,KG29,43,3.2
KG13,KG29,40,3.7
KG14,KG29,38,3.5
KG15,KG29,35,3.7
KG16,KG29,33,3.5
KG17,KG29,30,3.4
KG18A,KG29,28,3.2
KG20,KG29,25,3.4
KG21,KG29,23,3.2
KG22,KG29,21,3.0
KG23,KG29,16,2.7
KG24,KG29,11,2.8
KG25,KG29,11,2.4
KG26,KG29,10,2.0
KG27,KG29,7,1.6
KG28,KG29,4,1.3
KG29,KG29,0,0.0
KG30,KG29,4,1.1
KG31,KG29,7,1.5
KG33,KG29,9,2.2
KG34,KG29,12,2.3
KG35,KG29,21,2.7
KJ1,KG30,60,6.7
KJ2,KG30,57,6.8
KJ3,KG30,53,6.5
KJ4,KG30,51,6.2
KJ5,KG30,45,6.1
KJ6,KG30,43,5.9
KJ7,KG30,42,5.7
KJ8,KG30,41,5.5
KJ9,KG30,39,5.3
KJ10,KG30,38,5.2
KJ11,KG30,36,4.9
KJ12,KG30,34,4.7
KJ13,KG30,32,4.4
KJ14,KG30,31,3.6
KJ15,KG30,34,4.0
KJ16,KG30,36,4.3
KJ17,KG30,39,4.6
KJ18,KG30,40,4.7
KJ19,KG30,42,4.8
KJ20,KG30,46,5.4
KJ21,KG30,48,5.5
KJ22,KG30,51,5.5
KJ23,KG30,54,5.7
KJ24,KG30,56,5.9
KJ25,KG30,59,5.8
KJ26,KG30,61,5.9
KJ27,KG30,64,6.1
KJ28,KG30,65,6.3
KJ29,KG30,69,6.0
KJ30,KG30,71,6.1
KJ31,KG30,74,6.3
KJ32,KG30,75,6.4
KJ33,KG30,78,5.9
KJ34,KG30,80,6.0
KJ35,KG30,83,6.6
KJ36,KG30,86,6.2
KJ37,KG30,90,5.8
KG4,KG30,70,4.8
KG5,KG30,73,4.7
KG5A,KG30,62,4.5
KG6,KG30,60,4.4
KG7,KG30,56,4.1
KG8,KG30,54,4.0
KG9,KG30,52,3.8
KG10,KG30,50,3.6
KG12,KG30,48,3.5
KG12A,KG30,46,3.3
KG13,KG30,43,3.8
KG14,KG30,40,3.6
KG15,KG30,38,3.2
KG16,KG30,35,3.6
KG17,KG30,33,3.5
KG18A,KG30,30,3.3
KG20,KG30,28,3.1
KG21,KG30,25,3.3
KG22,KG30,23,3.2
KG23,KG30,21,2.8
KG24,KG30,16,2.7
KG25,KG30,11,2.6
KG26,KG30,11,2.2
KG27,KG30,10,1.8
KG28,KG30,7,1.5
KG29,KG30,4,1.1
KG30,KG30,0,0.0
KG31,KG30,4,1.3
KG33,KG30,7,2.0
KG34,KG30,9,2.2
KG35,KG30,19,2.5
KJ1,KG31,63,6.6
KJ2,KG31,60,6.7
KJ3,KG31,56,6.4
KJ4,KG31,54,6.1
KJ5,KG31,48,6.0
KJ6,KG31,46,5.8
KJ7,KG31,45,5.6
KJ8,KG31,44,5.5
KJ9,KG31,42,5.2
KJ10,KG31,41,5.1
KJ11,KG31,39,4.8
KJ12,KG31,37,4.6
KJ13,KG31,35,4.3
KJ14,KG31,34,3.3
KJ15,KG31,37,3.7
KJ16,KG31,39,4.0
KJ17,KG31,42,4.3
KJ18,KG31,43,4.3
KJ19,KG31,45,4.5
KJ20,KG31,49,5.0
KJ21,KG31,51,5.2
KJ22,KG31,54,5.2
KJ23,KG31,57,5.4
KJ24,KG31,59,5.6
KJ25,KG31,62,5.4
KJ26,KG31,64,5.6
KJ27,KG31,67,5.8
KJ28,KG31,68,6.0
KJ29,KG31,72,5.6
KJ30,KG31,74,5.8
KJ31,KG31,77,6.0
KJ32,KG31,78,6.1
KJ33,KG31,81,5.5
KJ34,KG31,83,5.6
KJ35,KG31,86,6.5
KJ36,KG31,89,6.1
KJ37,KG31,93,5.7
KG4,KG31,73,5.0
KG5,KG31,76,4.9
KG5A,KG31,65,4.6
KG6,KG31,63,4.5
KG7,KG31,59,4.3
KG8,KG31,57,4.1
KG9,KG31,55,3.9
KG10,KG31,53,3.8
KG12,KG31,50,3.6
KG12A,KG31,48,3.5
KG13,KG31,46,3.2
KG14,KG31,43,3.1
KG15,KG31,40,3.5
KG16,KG31,38,3.3
KG17,KG31,35,3.8
KG18A,KG31,33,3.6
KG20,KG31,30,3.4
KG21,KG31,28,3.2
KG22,KG31,25,3.1
KG23,KG31,23,3.2
KG24,KG31,21,3.0
KG25,KG31,16,2.7
KG26,KG31,11,2.6
KG27,KG31,11,2.1
KG28,KG31,10,1.8
KG29,KG31,7,1.5
KG30,KG31,4,1.3
KG31,KG31,0,0.0
KG33,KG31,4,1.7
KG34,KG31,7,1.8
KG35,KG31,15,2.1
KJ1,KG33,67,7.1
KJ2,KG33,64,7.2
KJ3,KG33,60,6.9
KJ4,KG33,58,6.6
KJ5,KG33,52,6.5
KJ6,KG33,50,6.3
KJ7,KG33,49,6.1
KJ8,KG33,48,5.9
KJ9,KG33,46,5.7
KJ10,KG33,45,5.6
KJ11,KG33,43,5.3
KJ12,KG33,41,5.1
KJ13,KG33,39,4.8
KJ14,KG33,38,3.7
KJ15,KG33,41,4.1
KJ16,KG33,43,4.4
KJ17,KG33,46,4.7
KJ18,KG33,47,4.7
KJ19,KG33,49,4.9
KJ20,KG33,53,5.4
KJ21,KG33,55,5.6
KJ22,KG33,58,5.6
KJ23,KG33,61,5.8
KJ24,KG33,63,6.0
KJ25,KG33,66,5.8
KJ26,KG33,68,6.0
KJ27,KG33,71,6.2
KJ28,KG33,72,6.4
KJ29,KG33,76,6.0
KJ30,KG33,78,6.2
KJ31,KG33,81,6.4
KJ32,KG33,82,6.5
KJ33,KG33,85,5.9
KJ34,KG33,87,6.0
KJ35,KG33,90,7.0
KJ36,KG33,93,6.6
KJ37,KG33,97,6.2
KG4,KG33,77,6.2
KG5,KG33,70,6.0
KG5A,KG33,69,5.7
KG6,KG33,67,5.6
KG7,KG33,63,5.3
KG8,KG33,61,5.1
KG9,KG33,59,4.9
KG10,KG33,57,4.7
KG12,KG33,53,4.5
KG12A,KG33,50,4.3
KG13,KG33,48,4.0
KG14,KG33,46,3.9
KG15,KG33,43,3.6
KG16,KG33,40,3.7
KG17,KG33,38,3.6
KG18A,KG33,35,3.5
KG20,KG33,33,3.3
KG21,KG33,30,3.7
KG22,KG33,28,3.6
KG23,KG33,25,3.3
KG24,KG33,23,3.1
KG25,KG33,21,3.3
KG26,KG33,16,3.0
KG27,KG33,11,2.6
KG28,KG33,11,2.5
KG29,KG33,10,2.2
KG30,KG33,7,2.0
KG31,KG33,4,1.7
KG33,KG33,0,0.0
KG34,KG33,4,1.1
KG35,KG33,5,1.4
KJ1,KG34,68,7.2
KJ2,KG34,65,7.3
KJ3,KG34,61,7.0
KJ4,KG34,59,6.8
KJ5,KG34,53,6.6
KJ6,KG34,51,6.4
KJ7,KG34,50,6.3
KJ8,KG34,49,6.1
KJ9,KG34,47,5.8
KJ10,KG34,46,5.7
KJ11,KG34,44,5.5
KJ12,KG34,42,5.2
KJ13,KG34,40,4.9
KJ14,KG34,39,3.8
KJ15,KG34,42,4.2
KJ16,KG34,44,4.5
KJ17,KG34,47,4.8
KJ18,KG34,48,4.8
KJ19,KG34,50,5.0
KJ20,KG34,54,5.5
KJ21,KG34,56,5.7
KJ22,KG34,59,5.7
KJ23,KG34,62,5.9
KJ24,KG34,64,6.1
KJ25,KG34,67,5.9
KJ26,KG34,69,6.1
KJ27,KG34,72,6.3
KJ28,KG34,73,6.5
KJ29,KG34,77,6.1
KJ30,KG34,79,6.3
KJ31,KG34,82,6.5
KJ32,KG34,83,6.6
KJ33,KG34,86,6.0
KJ34,KG34,88,6.1
KJ35,KG34,91,7.1
KJ36,KG34,94,6.7
KJ37,KG34,98,6.3
KG4,KG34,78,6.2
KG5,KG34,71,6.1
KG5A,KG34,70,5.8
KG6,KG34,68,5.7
KG7,KG34,64,5.4
KG8,KG34,62,5.2
KG9,KG34,60,5.0
KG10,KG34,58,4.8
KG12,KG34,55,4.6
KG12A,KG34,53,4.4
KG13,KG34,50,4.1
KG14,KG34,48,4.0
KG15,KG34,46,3.7
KG16,KG34,43,3.8
KG17,KG34,40,3.7
KG18A,KG34,38,3.6
KG20,KG34,35,3.4
KG21,KG34,33,3.3
KG22,KG34,30,3.7
KG23,KG34,28,3.4
KG24,KG34,25,3.3
KG25,KG34,23,3.4
KG26,KG34,21,3.1
KG27,KG34,16,2.7
KG28,KG34,11,2.7
KG29,KG34,11,2.3
KG30,KG34,10,2.2
KG31,KG34,7,1.8
KG33,KG34,4,1.1
KG34,KG34,0,0.0
KG35,KG34,3,1.2
KJ1,KG35,71,6.8
KJ2,KG35,68,7.0
KJ3,KG35,64,6.6
KJ4,KG35,62,6.4
KJ5,KG35,56,6.2
KJ6,KG35,54,6.0
KJ7,KG35,53,5.9
KJ8,KG35,52,5.7
KJ9,KG35,50,5.5
KJ10,KG35,49,5.4
KJ11,KG35,47,5.1
KJ12,KG35,45,4.8
KJ13,KG35,43,4.5
KJ14,KG35,42,3.2
KJ15,KG35,45,3.6
KJ16,KG35,47,3.9
KJ17,KG35,50,4.2
KJ18,KG35,51,4.2
KJ19,KG35,53,4.4
KJ20,KG35,57,5.0
KJ21,KG35,59,5.1
KJ22,KG35,62,5.1
KJ23,KG35,65,5.3
KJ24,KG35,67,5.5
KJ25,KG35,70,5.4
KJ26,KG35,72,5.5
KJ27,KG35,75,5.7
KJ28,KG35,76,5.9
KJ29,KG35,80,5.6
KJ30,KG35,82,5.7
KJ31,KG35,85,5.9
KJ32,KG35,86,6.0
KJ33,KG35,89,5.5
KJ34,KG35,91,5.6
KJ35,KG35,94,6.7
KJ36,KG35,97,6.4
KJ37,KG35,101,5.9
KG4,KG35,81,6.4
KG5,KG35,74,6.3
KG5A,KG35,73,6.0
KG6,KG35,71,5.8
KG7,KG35,67,5.5
KG8,KG35,65,5.4
KG9,KG35,63,5.1
KG10,KG35,61,5.0
KG12,KG35,58,4.8
KG12A,KG35,55,4.6
KG13,KG35,53,4.3
KG14,KG35,50,4.2
KG15,KG35,48,3.8
KG16,KG35,46,3.2
KG17,KG35,43,3.2
KG18A,KG35,40,3.8
KG20,KG35,38,3.6
KG21,KG35,35,3.4
KG22,KG35,33,3.3
KG23,KG35,30,3.6
KG24,KG35,28,3.5
KG25,KG35,25,3.2
KG26,KG35,23,3.4
KG27,KG35,21,3.0
KG28,KG35,16,2.7
KG29,KG35,11,2.7
KG30,KG35,11,2.5
KG31,KG35,10,2.1
KG33,KG35,7,1.4
KG34,KG35,4,1.2
KG35,KG35,0,0.0
